CREATE DATABASE  IF NOT EXISTS `keyence` /*!40100 DEFAULT CHARACTER SET utf8mb4 COLLATE utf8mb4_0900_ai_ci */ /*!80016 DEFAULT ENCRYPTION='N' */;
USE `keyence`;
-- MySQL dump 10.13  Distrib 8.0.32, for Win64 (x86_64)
--
-- Host: localhost    Database: keyence
-- ------------------------------------------------------
-- Server version	8.0.32

/*!40101 SET @OLD_CHARACTER_SET_CLIENT=@@CHARACTER_SET_CLIENT */;
/*!40101 SET @OLD_CHARACTER_SET_RESULTS=@@CHARACTER_SET_RESULTS */;
/*!40101 SET @OLD_COLLATION_CONNECTION=@@COLLATION_CONNECTION */;
/*!50503 SET NAMES utf8 */;
/*!40103 SET @OLD_TIME_ZONE=@@TIME_ZONE */;
/*!40103 SET TIME_ZONE='+00:00' */;
/*!40014 SET @OLD_UNIQUE_CHECKS=@@UNIQUE_CHECKS, UNIQUE_CHECKS=0 */;
/*!40014 SET @OLD_FOREIGN_KEY_CHECKS=@@FOREIGN_KEY_CHECKS, FOREIGN_KEY_CHECKS=0 */;
/*!40101 SET @OLD_SQL_MODE=@@SQL_MODE, SQL_MODE='NO_AUTO_VALUE_ON_ZERO' */;
/*!40111 SET @OLD_SQL_NOTES=@@SQL_NOTES, SQL_NOTES=0 */;

--
-- Table structure for table `exceldata`
--

DROP TABLE IF EXISTS `exceldata`;
/*!40101 SET @saved_cs_client     = @@character_set_client */;
/*!50503 SET character_set_client = utf8mb4 */;
CREATE TABLE `exceldata` (
  `idexceldata` int NOT NULL AUTO_INCREMENT,
  `user_id` varchar(4) NOT NULL,
  `username` varchar(45) NOT NULL,
  `date` date NOT NULL,
  `punchin` time NOT NULL,
  `punchout` time NOT NULL,
  `createdAt` timestamp NULL DEFAULT NULL,
  `updatedAt` timestamp NULL DEFAULT NULL,
  `idfile` int NOT NULL,
  PRIMARY KEY (`idexceldata`),
  UNIQUE KEY `idexceldata_UNIQUE` (`idexceldata`),
  KEY `idfile_indexx` (`idfile`)
) ENGINE=InnoDB AUTO_INCREMENT=1316 DEFAULT CHARSET=utf8mb4 COLLATE=utf8mb4_0900_ai_ci;
/*!40101 SET character_set_client = @saved_cs_client */;

--
-- Dumping data for table `exceldata`
--

LOCK TABLES `exceldata` WRITE;
/*!40000 ALTER TABLE `exceldata` DISABLE KEYS */;
INSERT INTO `exceldata` VALUES (59,'0002','BBB','2022-01-01','09:04:00','06:00:00','2023-05-21 09:13:22','2023-05-21 09:13:22',0),(60,'0003','CCC','2022-01-01','09:00:00','07:00:00','2023-05-21 09:13:22','2023-05-21 09:13:22',0),(61,'0004','DDD','2022-01-01','09:01:00','06:00:00','2023-05-21 09:13:22','2023-05-21 09:13:22',0),(62,'0005','FFF','2022-01-01','09:00:00','06:05:00','2023-05-21 09:13:22','2023-05-21 09:13:22',0),(63,'0001','AAA','2022-02-01','09:00:00','06:00:00','2023-05-21 09:13:22','2023-05-21 09:13:22',0),(64,'0002','BBB','2022-02-01','09:04:00','06:00:00','2023-05-21 09:13:22','2023-05-21 09:13:22',0),(65,'0003','CCC','2022-02-01','09:00:00','07:00:00','2023-05-21 09:13:22','2023-05-21 09:13:22',0),(66,'0004','DDD','2022-02-01','09:01:00','06:00:00','2023-05-21 09:13:22','2023-05-21 09:13:22',0),(67,'0005','FFF','2022-02-01','09:00:00','06:05:00','2023-05-21 09:13:22','2023-05-21 09:13:22',0),(68,'0001','AAA','2022-03-01','09:00:00','06:00:00','2023-05-21 09:13:22','2023-05-21 09:13:22',0),(69,'0002','BBB','2022-03-01','09:04:00','06:00:00','2023-05-21 09:13:22','2023-05-21 09:13:22',0),(70,'0003','CCC','2022-03-01','09:00:00','07:00:00','2023-05-21 09:13:22','2023-05-21 09:13:22',0),(71,'0004','DDD','2022-03-01','09:01:00','06:00:00','2023-05-21 09:13:22','2023-05-21 09:13:22',0),(72,'0005','FFF','2022-03-01','09:00:00','06:05:00','2023-05-21 09:13:22','2023-05-21 09:13:22',0),(73,'0001','AAA','2022-01-01','09:00:00','06:00:00','2023-05-21 09:13:34','2023-05-21 09:13:34',1),(74,'0002','BBB','2022-01-01','09:04:00','06:00:00','2023-05-21 09:13:34','2023-05-21 09:13:34',1),(75,'0003','CCC','2022-01-01','09:00:00','07:00:00','2023-05-21 09:13:34','2023-05-21 09:13:34',1),(76,'0004','DDD','2022-01-01','09:01:00','06:00:00','2023-05-21 09:13:34','2023-05-21 09:13:34',1),(77,'0005','FFF','2022-01-01','09:00:00','06:05:00','2023-05-21 09:13:34','2023-05-21 09:13:34',1),(78,'0001','AAA','2022-02-01','09:00:00','06:00:00','2023-05-21 09:13:34','2023-05-21 09:13:34',1),(79,'0002','BBB','2022-02-01','09:04:00','06:00:00','2023-05-21 09:13:34','2023-05-21 09:13:34',1),(80,'0003','CCC','2022-02-01','09:00:00','07:00:00','2023-05-21 09:13:34','2023-05-21 09:13:34',1),(81,'0004','DDD','2022-02-01','09:01:00','06:00:00','2023-05-21 09:13:34','2023-05-21 09:13:34',1),(82,'0005','FFF','2022-02-01','09:00:00','06:05:00','2023-05-21 09:13:34','2023-05-21 09:13:34',1),(83,'0001','AAA','2022-03-01','09:00:00','06:00:00','2023-05-21 09:13:34','2023-05-21 09:13:34',1),(84,'0002','BBB','2022-03-01','09:04:00','06:00:00','2023-05-21 09:13:34','2023-05-21 09:13:34',1),(85,'0003','CCC','2022-03-01','09:00:00','07:00:00','2023-05-21 09:13:34','2023-05-21 09:13:34',1),(86,'0004','DDD','2022-03-01','09:01:00','06:00:00','2023-05-21 09:13:34','2023-05-21 09:13:34',1),(87,'0005','FFF','2022-03-01','09:00:00','06:05:00','2023-05-21 09:13:34','2023-05-21 09:13:34',1),(88,'0001','AAA','2022-01-01','09:00:00','06:00:00','2023-05-21 09:13:52','2023-05-21 09:13:52',2),(89,'0002','BBB','2022-01-01','09:04:00','06:00:00','2023-05-21 09:13:52','2023-05-21 09:13:52',2),(90,'0003','CCC','2022-01-01','09:00:00','07:00:00','2023-05-21 09:13:52','2023-05-21 09:13:52',2),(91,'0004','DDD','2022-01-01','09:01:00','06:00:00','2023-05-21 09:13:52','2023-05-21 09:13:52',2),(92,'0005','FFF','2022-01-01','09:00:00','06:05:00','2023-05-21 09:13:52','2023-05-21 09:13:52',2),(93,'0001','AAA','2022-02-01','09:00:00','06:00:00','2023-05-21 09:13:52','2023-05-21 09:13:52',2),(94,'0002','BBB','2022-02-01','09:04:00','06:00:00','2023-05-21 09:13:52','2023-05-21 09:13:52',2),(95,'0003','CCC','2022-02-01','09:00:00','07:00:00','2023-05-21 09:13:52','2023-05-21 09:13:52',2),(96,'0004','DDD','2022-02-01','09:01:00','06:00:00','2023-05-21 09:13:52','2023-05-21 09:13:52',2),(97,'0005','FFF','2022-02-01','09:00:00','06:05:00','2023-05-21 09:13:52','2023-05-21 09:13:52',2),(98,'0001','AAA','2022-03-01','09:00:00','06:00:00','2023-05-21 09:13:52','2023-05-21 09:13:52',2),(99,'0002','BBB','2022-03-01','09:04:00','06:00:00','2023-05-21 09:13:52','2023-05-21 09:13:52',2),(100,'0003','CCC','2022-03-01','09:00:00','07:00:00','2023-05-21 09:13:52','2023-05-21 09:13:52',2),(101,'0004','DDD','2022-03-01','09:01:00','06:00:00','2023-05-21 09:13:52','2023-05-21 09:13:52',2),(102,'0005','FFF','2022-03-01','09:00:00','06:05:00','2023-05-21 09:13:52','2023-05-21 09:13:52',2),(103,'0000','ZZZ','2023-03-11','08:00:00','22:20:00','2023-05-21 09:34:03','2023-05-21 09:34:03',0),(119,'0001','AAA','2022-01-01','09:00:00','06:00:00','2023-05-22 03:15:12','2023-05-22 03:15:12',4),(120,'0002','BBB','2022-01-01','09:04:00','06:00:00','2023-05-22 03:15:12','2023-05-22 03:15:12',4),(121,'0003','CCC','2022-01-01','09:00:00','07:00:00','2023-05-22 03:15:12','2023-05-22 03:15:12',4),(122,'0004','DDD','2022-01-01','09:01:00','06:00:00','2023-05-22 03:15:12','2023-05-22 03:15:12',4),(123,'0005','FFF','2022-01-01','09:00:00','06:05:00','2023-05-22 03:15:12','2023-05-22 03:15:12',4),(124,'0001','AAA','2022-02-01','09:00:00','06:00:00','2023-05-22 03:15:12','2023-05-22 03:15:12',4),(125,'0002','BBB','2022-02-01','09:04:00','06:00:00','2023-05-22 03:15:12','2023-05-22 03:15:12',4),(126,'0003','CCC','2022-02-01','09:00:00','07:00:00','2023-05-22 03:15:12','2023-05-22 03:15:12',4),(127,'0004','DDD','2022-02-01','09:01:00','06:00:00','2023-05-22 03:15:12','2023-05-22 03:15:12',4),(128,'0005','FFF','2022-02-01','09:00:00','06:05:00','2023-05-22 03:15:12','2023-05-22 03:15:12',4),(129,'0001','AAA','2022-03-01','09:00:00','06:00:00','2023-05-22 03:15:12','2023-05-22 03:15:12',4),(130,'0002','BBB','2022-03-01','09:04:00','06:00:00','2023-05-22 03:15:12','2023-05-22 03:15:12',4),(131,'0003','CCC','2022-03-01','09:00:00','07:00:00','2023-05-22 03:15:12','2023-05-22 03:15:12',4),(132,'0004','DDD','2022-03-01','09:01:00','06:00:00','2023-05-22 03:15:12','2023-05-22 03:15:12',4),(133,'0005','FFF','2022-03-01','09:00:00','06:05:00','2023-05-22 03:15:12','2023-05-22 03:15:12',4),(134,'0001','AAA','2022-01-01','09:00:00','06:00:00','2023-05-22 03:51:31','2023-05-22 03:51:31',5),(135,'0002','BBB','2022-01-01','09:04:00','06:00:00','2023-05-22 03:51:31','2023-05-22 03:51:31',5),(136,'0003','CCC','2022-01-01','09:00:00','07:00:00','2023-05-22 03:51:31','2023-05-22 03:51:31',5),(137,'0004','DDD','2022-01-01','09:01:00','06:00:00','2023-05-22 03:51:31','2023-05-22 03:51:31',5),(138,'0005','FFF','2022-01-01','09:00:00','06:05:00','2023-05-22 03:51:31','2023-05-22 03:51:31',5),(139,'0001','AAA','2022-02-01','09:00:00','06:00:00','2023-05-22 03:51:31','2023-05-22 03:51:31',5),(140,'0002','BBB','2022-02-01','09:04:00','06:00:00','2023-05-22 03:51:31','2023-05-22 03:51:31',5),(141,'0003','CCC','2022-02-01','09:00:00','07:00:00','2023-05-22 03:51:31','2023-05-22 03:51:31',5),(142,'0004','DDD','2022-02-01','09:01:00','06:00:00','2023-05-22 03:51:31','2023-05-22 03:51:31',5),(143,'0005','FFF','2022-02-01','09:00:00','06:05:00','2023-05-22 03:51:31','2023-05-22 03:51:31',5),(144,'0001','AAA','2022-03-01','09:00:00','06:00:00','2023-05-22 03:51:31','2023-05-22 03:51:31',5),(145,'0002','BBB','2022-03-01','09:04:00','06:00:00','2023-05-22 03:51:31','2023-05-22 03:51:31',5),(146,'0003','CCC','2022-03-01','09:00:00','07:00:00','2023-05-22 03:51:31','2023-05-22 03:51:31',5),(147,'0004','DDD','2022-03-01','09:01:00','06:00:00','2023-05-22 03:51:31','2023-05-22 03:51:31',5),(148,'0005','FFF','2022-03-01','09:00:00','06:05:00','2023-05-22 03:51:31','2023-05-22 03:51:31',5),(149,'0001','AAA','2022-01-01','09:00:00','06:00:00','2023-05-22 03:53:02','2023-05-22 03:53:02',6),(150,'0002','BBB','2022-01-01','09:04:00','06:00:00','2023-05-22 03:53:02','2023-05-22 03:53:02',6),(151,'0003','CCC','2022-01-01','09:00:00','07:00:00','2023-05-22 03:53:02','2023-05-22 03:53:02',6),(152,'0004','DDD','2022-01-01','09:01:00','06:00:00','2023-05-22 03:53:02','2023-05-22 03:53:02',6),(153,'0005','FFF','2022-01-01','09:00:00','06:05:00','2023-05-22 03:53:02','2023-05-22 03:53:02',6),(154,'0001','AAA','2022-02-01','09:00:00','06:00:00','2023-05-22 03:53:02','2023-05-22 03:53:02',6),(155,'0002','BBB','2022-02-01','09:04:00','06:00:00','2023-05-22 03:53:02','2023-05-22 03:53:02',6),(156,'0003','CCC','2022-02-01','09:00:00','07:00:00','2023-05-22 03:53:02','2023-05-22 03:53:02',6),(157,'0001','AAA','2022-01-01','09:00:00','06:00:00','2023-05-22 04:00:06','2023-05-22 04:00:06',7),(158,'0002','BBB','2022-01-01','09:04:00','06:00:00','2023-05-22 04:00:06','2023-05-22 04:00:06',7),(159,'0003','CCC','2022-01-01','09:00:00','07:00:00','2023-05-22 04:00:06','2023-05-22 04:00:06',7),(160,'0004','DDD','2022-01-01','09:01:00','06:00:00','2023-05-22 04:00:06','2023-05-22 04:00:06',7),(161,'0005','FFF','2022-01-01','09:00:00','06:05:00','2023-05-22 04:00:06','2023-05-22 04:00:06',7),(162,'0001','AAA','2022-02-01','09:00:00','06:00:00','2023-05-22 04:00:06','2023-05-22 04:00:06',7),(163,'0002','BBB','2022-02-01','09:04:00','06:00:00','2023-05-22 04:00:06','2023-05-22 04:00:06',7),(164,'0003','CCC','2022-02-01','09:00:00','07:00:00','2023-05-22 04:00:06','2023-05-22 04:00:06',7),(165,'0004','DDD','2022-02-01','09:01:00','06:00:00','2023-05-22 04:00:06','2023-05-22 04:00:06',7),(166,'0005','FFF','2022-02-01','09:00:00','06:05:00','2023-05-22 04:00:06','2023-05-22 04:00:06',7),(167,'0001','AAA','2022-03-01','09:00:00','06:00:00','2023-05-22 04:00:06','2023-05-22 04:00:06',7),(168,'0002','BBB','2022-03-01','09:04:00','06:00:00','2023-05-22 04:00:06','2023-05-22 04:00:06',7),(169,'0003','CCC','2022-03-01','09:00:00','07:00:00','2023-05-22 04:00:06','2023-05-22 04:00:06',7),(170,'0004','DDD','2022-03-01','09:01:00','06:00:00','2023-05-22 04:00:06','2023-05-22 04:00:06',7),(171,'0005','FFF','2022-03-01','09:00:00','06:05:00','2023-05-22 04:00:06','2023-05-22 04:00:06',7),(172,'0001','AAA','2022-01-01','09:00:00','06:00:00','2023-05-22 04:02:38','2023-05-22 04:02:38',8),(173,'0002','BBB','2022-01-01','09:04:00','06:00:00','2023-05-22 04:02:38','2023-05-22 04:02:38',8),(174,'0003','CCC','2022-01-01','09:00:00','07:00:00','2023-05-22 04:02:38','2023-05-22 04:02:38',8),(175,'0004','DDD','2022-01-01','09:01:00','06:00:00','2023-05-22 04:02:38','2023-05-22 04:02:38',8),(176,'0005','FFF','2022-01-01','09:00:00','06:05:00','2023-05-22 04:02:38','2023-05-22 04:02:38',8),(177,'0001','AAA','2022-02-01','09:00:00','06:00:00','2023-05-22 04:02:38','2023-05-22 04:02:38',8),(178,'0002','BBB','2022-02-01','09:04:00','06:00:00','2023-05-22 04:02:38','2023-05-22 04:02:38',8),(179,'0003','CCC','2022-02-01','09:00:00','07:00:00','2023-05-22 04:02:38','2023-05-22 04:02:38',8),(180,'0004','DDD','2022-02-01','09:01:00','06:00:00','2023-05-22 04:02:38','2023-05-22 04:02:38',8),(181,'0005','FFF','2022-02-01','09:00:00','06:05:00','2023-05-22 04:02:38','2023-05-22 04:02:38',8),(182,'0001','AAA','2022-03-01','09:00:00','06:00:00','2023-05-22 04:02:38','2023-05-22 04:02:38',8),(183,'0002','BBB','2022-03-01','09:04:00','06:00:00','2023-05-22 04:02:38','2023-05-22 04:02:38',8),(184,'0003','CCC','2022-03-01','09:00:00','07:00:00','2023-05-22 04:02:38','2023-05-22 04:02:38',8),(185,'0004','DDD','2022-03-01','09:01:00','06:00:00','2023-05-22 04:02:38','2023-05-22 04:02:38',8),(186,'0005','FFF','2022-03-01','09:00:00','06:05:00','2023-05-22 04:02:38','2023-05-22 04:02:38',8),(187,'0001','AAA','2022-01-01','09:00:00','06:00:00','2023-05-22 04:24:16','2023-05-22 04:24:16',9),(188,'0002','BBB','2022-01-01','09:04:00','06:00:00','2023-05-22 04:24:16','2023-05-22 04:24:16',9),(189,'0003','CCC','2022-01-01','09:00:00','07:00:00','2023-05-22 04:24:16','2023-05-22 04:24:16',9),(190,'0004','DDD','2022-01-01','09:01:00','06:00:00','2023-05-22 04:24:16','2023-05-22 04:24:16',9),(191,'0005','FFF','2022-01-01','09:00:00','06:05:00','2023-05-22 04:24:16','2023-05-22 04:24:16',9),(192,'0001','AAA','2022-02-01','09:00:00','06:00:00','2023-05-22 04:24:16','2023-05-22 04:24:16',9),(193,'0002','BBB','2022-02-01','09:04:00','06:00:00','2023-05-22 04:24:16','2023-05-22 04:24:16',9),(194,'0003','CCC','2022-02-01','09:00:00','07:00:00','2023-05-22 04:24:16','2023-05-22 04:24:16',9),(195,'0004','DDD','2022-02-01','09:01:00','06:00:00','2023-05-22 04:24:16','2023-05-22 04:24:16',9),(196,'0005','FFF','2022-02-01','09:00:00','06:05:00','2023-05-22 04:24:16','2023-05-22 04:24:16',9),(197,'0001','AAA','2022-03-01','09:00:00','06:00:00','2023-05-22 04:24:16','2023-05-22 04:24:16',9),(198,'0002','BBB','2022-03-01','09:04:00','06:00:00','2023-05-22 04:24:16','2023-05-22 04:24:16',9),(199,'0003','CCC','2022-03-01','09:00:00','07:00:00','2023-05-22 04:24:16','2023-05-22 04:24:16',9),(200,'0004','DDD','2022-03-01','09:01:00','06:00:00','2023-05-22 04:24:16','2023-05-22 04:24:16',9),(201,'0005','FFF','2022-03-01','09:00:00','06:05:00','2023-05-22 04:24:16','2023-05-22 04:24:16',9),(202,'0001','AAA','2022-01-01','09:00:00','06:00:00','2023-05-22 06:35:57','2023-05-22 06:35:57',10),(203,'0002','BBB','2022-01-01','09:04:00','06:00:00','2023-05-22 06:35:57','2023-05-22 06:35:57',10),(204,'0003','CCC','2022-01-01','09:00:00','07:00:00','2023-05-22 06:35:57','2023-05-22 06:35:57',10),(205,'0004','DDD','2022-01-01','09:01:00','06:00:00','2023-05-22 06:35:57','2023-05-22 06:35:57',10),(206,'0005','FFF','2022-01-01','09:00:00','06:05:00','2023-05-22 06:35:57','2023-05-22 06:35:57',10),(207,'0001','AAA','2022-02-01','09:00:00','06:00:00','2023-05-22 06:35:57','2023-05-22 06:35:57',10),(208,'0002','BBB','2022-02-01','09:04:00','06:00:00','2023-05-22 06:35:57','2023-05-22 06:35:57',10),(209,'0003','CCC','2022-02-01','09:00:00','07:00:00','2023-05-22 06:35:57','2023-05-22 06:35:57',10),(210,'0004','DDD','2022-02-01','09:01:00','06:00:00','2023-05-22 06:35:57','2023-05-22 06:35:57',10),(211,'0005','FFF','2022-02-01','09:00:00','06:05:00','2023-05-22 06:35:57','2023-05-22 06:35:57',10),(212,'0001','AAA','2022-03-01','09:00:00','06:00:00','2023-05-22 06:35:57','2023-05-22 06:35:57',10),(213,'0002','BBB','2022-03-01','09:04:00','06:00:00','2023-05-22 06:35:57','2023-05-22 06:35:57',10),(214,'0003','CCC','2022-03-01','09:00:00','07:00:00','2023-05-22 06:35:57','2023-05-22 06:35:57',10),(215,'0004','DDD','2022-03-01','09:01:00','06:00:00','2023-05-22 06:35:57','2023-05-22 06:35:57',10),(216,'0005','FFF','2022-03-01','09:00:00','06:05:00','2023-05-22 06:35:57','2023-05-22 06:35:57',10),(217,'0001','AAA','2022-01-01','09:00:00','06:00:00','2023-05-22 06:40:46','2023-05-22 06:40:46',11),(218,'0002','BBB','2022-01-01','09:04:00','06:00:00','2023-05-22 06:40:46','2023-05-22 06:40:46',11),(219,'0003','CCC','2022-01-01','09:00:00','07:00:00','2023-05-22 06:40:46','2023-05-22 06:40:46',11),(220,'0004','DDD','2022-01-01','09:01:00','06:00:00','2023-05-22 06:40:46','2023-05-22 06:40:46',11),(221,'0005','FFF','2022-01-01','09:00:00','06:05:00','2023-05-22 06:40:46','2023-05-22 06:40:46',11),(222,'0001','AAA','2022-02-01','09:00:00','06:00:00','2023-05-22 06:40:46','2023-05-22 06:40:46',11),(223,'0002','BBB','2022-02-01','09:04:00','06:00:00','2023-05-22 06:40:46','2023-05-22 06:40:46',11),(224,'0003','CCC','2022-02-01','09:00:00','07:00:00','2023-05-22 06:40:46','2023-05-22 06:40:46',11),(225,'0004','DDD','2022-02-01','09:01:00','06:00:00','2023-05-22 06:40:46','2023-05-22 06:40:46',11),(226,'0005','FFF','2022-02-01','09:00:00','06:05:00','2023-05-22 06:40:46','2023-05-22 06:40:46',11),(227,'0001','AAA','2022-03-01','09:00:00','06:00:00','2023-05-22 06:40:46','2023-05-22 06:40:46',11),(228,'0002','BBB','2022-03-01','09:04:00','06:00:00','2023-05-22 06:40:46','2023-05-22 06:40:46',11),(229,'0003','CCC','2022-03-01','09:00:00','07:00:00','2023-05-22 06:40:46','2023-05-22 06:40:46',11),(230,'0004','DDD','2022-03-01','09:01:00','06:00:00','2023-05-22 06:40:46','2023-05-22 06:40:46',11),(231,'0005','FFF','2022-03-01','09:00:00','06:05:00','2023-05-22 06:40:46','2023-05-22 06:40:46',11),(232,'0001','AAA','2022-01-01','09:00:00','06:00:00','2023-05-22 06:54:15','2023-05-22 06:54:15',12),(233,'0002','BBB','2022-01-01','09:04:00','06:00:00','2023-05-22 06:54:15','2023-05-22 06:54:15',12),(234,'0003','CCC','2022-01-01','09:00:00','07:00:00','2023-05-22 06:54:15','2023-05-22 06:54:15',12),(235,'0004','DDD','2022-01-01','09:01:00','06:00:00','2023-05-22 06:54:15','2023-05-22 06:54:15',12),(236,'0005','FFF','2022-01-01','09:00:00','06:05:00','2023-05-22 06:54:15','2023-05-22 06:54:15',12),(237,'0001','AAA','2022-02-01','09:00:00','06:00:00','2023-05-22 06:54:15','2023-05-22 06:54:15',12),(238,'0002','BBB','2022-02-01','09:04:00','06:00:00','2023-05-22 06:54:15','2023-05-22 06:54:15',12),(239,'0003','CCC','2022-02-01','09:00:00','07:00:00','2023-05-22 06:54:15','2023-05-22 06:54:15',12),(240,'0004','DDD','2022-02-01','09:01:00','06:00:00','2023-05-22 06:54:15','2023-05-22 06:54:15',12),(241,'0005','FFF','2022-02-01','09:00:00','06:05:00','2023-05-22 06:54:15','2023-05-22 06:54:15',12),(242,'0001','AAA','2022-03-01','09:00:00','06:00:00','2023-05-22 06:54:15','2023-05-22 06:54:15',12),(243,'0002','BBB','2022-03-01','09:04:00','06:00:00','2023-05-22 06:54:15','2023-05-22 06:54:15',12),(244,'0003','CCC','2022-03-01','09:00:00','07:00:00','2023-05-22 06:54:15','2023-05-22 06:54:15',12),(245,'0004','DDD','2022-03-01','09:01:00','06:00:00','2023-05-22 06:54:15','2023-05-22 06:54:15',12),(246,'0005','FFF','2022-03-01','09:00:00','06:05:00','2023-05-22 06:54:15','2023-05-22 06:54:15',12),(247,'0001','AAA','2022-01-01','09:00:00','06:00:00','2023-05-22 06:56:18','2023-05-22 06:56:18',13),(248,'0002','BBB','2022-01-01','09:04:00','06:00:00','2023-05-22 06:56:18','2023-05-22 06:56:18',13),(249,'0003','CCC','2022-01-01','09:00:00','07:00:00','2023-05-22 06:56:18','2023-05-22 06:56:18',13),(250,'0004','DDD','2022-01-01','09:01:00','06:00:00','2023-05-22 06:56:18','2023-05-22 06:56:18',13),(251,'0005','FFF','2022-01-01','09:00:00','06:05:00','2023-05-22 06:56:18','2023-05-22 06:56:18',13),(252,'0001','AAA','2022-02-01','09:00:00','06:00:00','2023-05-22 06:56:18','2023-05-22 06:56:18',13),(253,'0002','BBB','2022-02-01','09:04:00','06:00:00','2023-05-22 06:56:18','2023-05-22 06:56:18',13),(254,'0003','CCC','2022-02-01','09:00:00','07:00:00','2023-05-22 06:56:18','2023-05-22 06:56:18',13),(255,'0004','DDD','2022-02-01','09:01:00','06:00:00','2023-05-22 06:56:18','2023-05-22 06:56:18',13),(256,'0005','FFF','2022-02-01','09:00:00','06:05:00','2023-05-22 06:56:18','2023-05-22 06:56:18',13),(257,'0001','AAA','2022-03-01','09:00:00','06:00:00','2023-05-22 06:56:18','2023-05-22 06:56:18',13),(258,'0002','BBB','2022-03-01','09:04:00','06:00:00','2023-05-22 06:56:18','2023-05-22 06:56:18',13),(259,'0003','CCC','2022-03-01','09:00:00','07:00:00','2023-05-22 06:56:18','2023-05-22 06:56:18',13),(260,'0004','DDD','2022-03-01','09:01:00','06:00:00','2023-05-22 06:56:18','2023-05-22 06:56:18',13),(261,'0005','FFF','2022-03-01','09:00:00','06:05:00','2023-05-22 06:56:18','2023-05-22 06:56:18',13),(262,'0001','AAA','2022-01-01','09:00:00','06:00:00','2023-05-22 06:59:14','2023-05-22 06:59:14',14),(263,'0002','BBB','2022-01-01','09:04:00','06:00:00','2023-05-22 06:59:14','2023-05-22 06:59:14',14),(264,'0003','CCC','2022-01-01','09:00:00','07:00:00','2023-05-22 06:59:14','2023-05-22 06:59:14',14),(265,'0004','DDD','2022-01-01','09:01:00','06:00:00','2023-05-22 06:59:14','2023-05-22 06:59:14',14),(266,'0005','FFF','2022-01-01','09:00:00','06:05:00','2023-05-22 06:59:14','2023-05-22 06:59:14',14),(267,'0001','AAA','2022-02-01','09:00:00','06:00:00','2023-05-22 06:59:14','2023-05-22 06:59:14',14),(268,'0002','BBB','2022-02-01','09:04:00','06:00:00','2023-05-22 06:59:14','2023-05-22 06:59:14',14),(269,'0003','CCC','2022-02-01','09:00:00','07:00:00','2023-05-22 06:59:14','2023-05-22 06:59:14',14),(270,'0004','DDD','2022-02-01','09:01:00','06:00:00','2023-05-22 06:59:14','2023-05-22 06:59:14',14),(271,'0005','FFF','2022-02-01','09:00:00','06:05:00','2023-05-22 06:59:14','2023-05-22 06:59:14',14),(272,'0001','AAA','2022-03-01','09:00:00','06:00:00','2023-05-22 06:59:14','2023-05-22 06:59:14',14),(273,'0002','BBB','2022-03-01','09:04:00','06:00:00','2023-05-22 06:59:14','2023-05-22 06:59:14',14),(274,'0003','CCC','2022-03-01','09:00:00','07:00:00','2023-05-22 06:59:14','2023-05-22 06:59:14',14),(275,'0004','DDD','2022-03-01','09:01:00','06:00:00','2023-05-22 06:59:14','2023-05-22 06:59:14',14),(276,'0005','FFF','2022-03-01','09:00:00','06:05:00','2023-05-22 06:59:14','2023-05-22 06:59:14',14),(277,'0001','AAA','2022-01-01','09:00:00','06:00:00','2023-05-22 07:05:52','2023-05-22 07:05:52',15),(278,'0002','BBB','2022-01-01','09:04:00','06:00:00','2023-05-22 07:05:52','2023-05-22 07:05:52',15),(279,'0003','CCC','2022-01-01','09:00:00','07:00:00','2023-05-22 07:05:52','2023-05-22 07:05:52',15),(280,'0004','DDD','2022-01-01','09:01:00','06:00:00','2023-05-22 07:05:52','2023-05-22 07:05:52',15),(281,'0005','FFF','2022-01-01','09:00:00','06:05:00','2023-05-22 07:05:52','2023-05-22 07:05:52',15),(282,'0001','AAA','2022-02-01','09:00:00','06:00:00','2023-05-22 07:05:52','2023-05-22 07:05:52',15),(283,'0002','BBB','2022-02-01','09:04:00','06:00:00','2023-05-22 07:05:52','2023-05-22 07:05:52',15),(284,'0003','CCC','2022-02-01','09:00:00','07:00:00','2023-05-22 07:05:52','2023-05-22 07:05:52',15),(285,'0004','DDD','2022-02-01','09:01:00','06:00:00','2023-05-22 07:05:52','2023-05-22 07:05:52',15),(286,'0005','FFF','2022-02-01','09:00:00','06:05:00','2023-05-22 07:05:52','2023-05-22 07:05:52',15),(287,'0001','AAA','2022-03-01','09:00:00','06:00:00','2023-05-22 07:05:52','2023-05-22 07:05:52',15),(288,'0002','BBB','2022-03-01','09:04:00','06:00:00','2023-05-22 07:05:52','2023-05-22 07:05:52',15),(289,'0003','CCC','2022-03-01','09:00:00','07:00:00','2023-05-22 07:05:52','2023-05-22 07:05:52',15),(290,'0004','DDD','2022-03-01','09:01:00','06:00:00','2023-05-22 07:05:52','2023-05-22 07:05:52',15),(291,'0005','FFF','2022-03-01','09:00:00','06:05:00','2023-05-22 07:05:52','2023-05-22 07:05:52',15),(292,'0001','AAA','2022-01-01','09:00:00','06:00:00','2023-05-22 07:06:57','2023-05-22 07:06:57',16),(293,'0002','BBB','2022-01-01','09:04:00','06:00:00','2023-05-22 07:06:57','2023-05-22 07:06:57',16),(294,'0003','CCC','2022-01-01','09:00:00','07:00:00','2023-05-22 07:06:57','2023-05-22 07:06:57',16),(295,'0004','DDD','2022-01-01','09:01:00','06:00:00','2023-05-22 07:06:57','2023-05-22 07:06:57',16),(296,'0005','FFF','2022-01-01','09:00:00','06:05:00','2023-05-22 07:06:57','2023-05-22 07:06:57',16),(297,'0001','AAA','2022-02-01','09:00:00','06:00:00','2023-05-22 07:06:57','2023-05-22 07:06:57',16),(298,'0002','BBB','2022-02-01','09:04:00','06:00:00','2023-05-22 07:06:57','2023-05-22 07:06:57',16),(299,'0003','CCC','2022-02-01','09:00:00','07:00:00','2023-05-22 07:06:57','2023-05-22 07:06:57',16),(300,'0004','DDD','2022-02-01','09:01:00','06:00:00','2023-05-22 07:06:57','2023-05-22 07:06:57',16),(301,'0005','FFF','2022-02-01','09:00:00','06:05:00','2023-05-22 07:06:57','2023-05-22 07:06:57',16),(302,'0001','AAA','2022-03-01','09:00:00','06:00:00','2023-05-22 07:06:57','2023-05-22 07:06:57',16),(303,'0002','BBB','2022-03-01','09:04:00','06:00:00','2023-05-22 07:06:57','2023-05-22 07:06:57',16),(304,'0003','CCC','2022-03-01','09:00:00','07:00:00','2023-05-22 07:06:57','2023-05-22 07:06:57',16),(305,'0004','DDD','2022-03-01','09:01:00','06:00:00','2023-05-22 07:06:57','2023-05-22 07:06:57',16),(306,'0005','FFF','2022-03-01','09:00:00','06:05:00','2023-05-22 07:06:57','2023-05-22 07:06:57',16),(307,'0001','AAA','2022-01-01','09:00:00','06:00:00','2023-05-22 07:15:52','2023-05-22 07:15:52',17),(308,'0002','BBB','2022-01-01','09:04:00','06:00:00','2023-05-22 07:15:52','2023-05-22 07:15:52',17),(309,'0003','CCC','2022-01-01','09:00:00','07:00:00','2023-05-22 07:15:52','2023-05-22 07:15:52',17),(310,'0004','DDD','2022-01-01','09:01:00','06:00:00','2023-05-22 07:15:52','2023-05-22 07:15:52',17),(311,'0005','FFF','2022-01-01','09:00:00','06:05:00','2023-05-22 07:15:52','2023-05-22 07:15:52',17),(312,'0001','AAA','2022-02-01','09:00:00','06:00:00','2023-05-22 07:15:52','2023-05-22 07:15:52',17),(313,'0002','BBB','2022-02-01','09:04:00','06:00:00','2023-05-22 07:15:52','2023-05-22 07:15:52',17),(314,'0003','CCC','2022-02-01','09:00:00','07:00:00','2023-05-22 07:15:52','2023-05-22 07:15:52',17),(315,'0004','DDD','2022-02-01','09:01:00','06:00:00','2023-05-22 07:15:52','2023-05-22 07:15:52',17),(316,'0005','FFF','2022-02-01','09:00:00','06:05:00','2023-05-22 07:15:52','2023-05-22 07:15:52',17),(317,'0001','AAA','2022-03-01','09:00:00','06:00:00','2023-05-22 07:15:52','2023-05-22 07:15:52',17),(318,'0002','BBB','2022-03-01','09:04:00','06:00:00','2023-05-22 07:15:52','2023-05-22 07:15:52',17),(319,'0003','CCC','2022-03-01','09:00:00','07:00:00','2023-05-22 07:15:52','2023-05-22 07:15:52',17),(320,'0004','DDD','2022-03-01','09:01:00','06:00:00','2023-05-22 07:15:52','2023-05-22 07:15:52',17),(321,'0005','FFF','2022-03-01','09:00:00','06:05:00','2023-05-22 07:15:52','2023-05-22 07:15:52',17),(322,'0001','AAA','2022-01-01','09:00:00','06:00:00','2023-05-22 07:19:00','2023-05-22 07:19:00',18),(323,'0002','BBB','2022-01-01','09:04:00','06:00:00','2023-05-22 07:19:00','2023-05-22 07:19:00',18),(324,'0003','CCC','2022-01-01','09:00:00','07:00:00','2023-05-22 07:19:00','2023-05-22 07:19:00',18),(325,'0004','DDD','2022-01-01','09:01:00','06:00:00','2023-05-22 07:19:00','2023-05-22 07:19:00',18),(326,'0005','FFF','2022-01-01','09:00:00','06:05:00','2023-05-22 07:19:00','2023-05-22 07:19:00',18),(327,'0001','AAA','2022-02-01','09:00:00','06:00:00','2023-05-22 07:19:00','2023-05-22 07:19:00',18),(328,'0002','BBB','2022-02-01','09:04:00','06:00:00','2023-05-22 07:19:00','2023-05-22 07:19:00',18),(329,'0003','CCC','2022-02-01','09:00:00','07:00:00','2023-05-22 07:19:00','2023-05-22 07:19:00',18),(330,'0004','DDD','2022-02-01','09:01:00','06:00:00','2023-05-22 07:19:00','2023-05-22 07:19:00',18),(331,'0005','FFF','2022-02-01','09:00:00','06:05:00','2023-05-22 07:19:00','2023-05-22 07:19:00',18),(332,'0001','AAA','2022-03-01','09:00:00','06:00:00','2023-05-22 07:19:00','2023-05-22 07:19:00',18),(333,'0002','BBB','2022-03-01','09:04:00','06:00:00','2023-05-22 07:19:00','2023-05-22 07:19:00',18),(334,'0003','CCC','2022-03-01','09:00:00','07:00:00','2023-05-22 07:19:00','2023-05-22 07:19:00',18),(335,'0004','DDD','2022-03-01','09:01:00','06:00:00','2023-05-22 07:19:00','2023-05-22 07:19:00',18),(336,'0005','FFF','2022-03-01','09:00:00','06:05:00','2023-05-22 07:19:00','2023-05-22 07:19:00',18),(337,'0001','AAA','2022-01-01','09:00:00','06:00:00','2023-05-22 07:40:06','2023-05-22 07:40:06',19),(338,'0002','BBB','2022-01-01','09:04:00','06:00:00','2023-05-22 07:40:06','2023-05-22 07:40:06',19),(339,'0003','CCC','2022-01-01','09:00:00','07:00:00','2023-05-22 07:40:06','2023-05-22 07:40:06',19),(340,'0004','DDD','2022-01-01','09:01:00','06:00:00','2023-05-22 07:40:06','2023-05-22 07:40:06',19),(341,'0005','FFF','2022-01-01','09:00:00','06:05:00','2023-05-22 07:40:06','2023-05-22 07:40:06',19),(342,'0001','AAA','2022-02-01','09:00:00','06:00:00','2023-05-22 07:40:06','2023-05-22 07:40:06',19),(343,'0002','BBB','2022-02-01','09:04:00','06:00:00','2023-05-22 07:40:06','2023-05-22 07:40:06',19),(344,'0003','CCC','2022-02-01','09:00:00','07:00:00','2023-05-22 07:40:06','2023-05-22 07:40:06',19),(345,'0004','DDD','2022-02-01','09:01:00','06:00:00','2023-05-22 07:40:06','2023-05-22 07:40:06',19),(346,'0005','FFF','2022-02-01','09:00:00','06:05:00','2023-05-22 07:40:06','2023-05-22 07:40:06',19),(347,'0001','AAA','2022-03-01','09:00:00','06:00:00','2023-05-22 07:40:06','2023-05-22 07:40:06',19),(348,'0002','BBB','2022-03-01','09:04:00','06:00:00','2023-05-22 07:40:06','2023-05-22 07:40:06',19),(349,'0003','CCC','2022-03-01','09:00:00','07:00:00','2023-05-22 07:40:06','2023-05-22 07:40:06',19),(350,'0004','DDD','2022-03-01','09:01:00','06:00:00','2023-05-22 07:40:06','2023-05-22 07:40:06',19),(351,'0005','FFF','2022-03-01','09:00:00','06:05:00','2023-05-22 07:40:06','2023-05-22 07:40:06',19),(352,'0001','AAA','2022-01-01','09:00:00','06:00:00','2023-05-22 07:44:30','2023-05-22 07:44:30',20),(353,'0002','BBB','2022-01-01','09:04:00','06:00:00','2023-05-22 07:44:30','2023-05-22 07:44:30',20),(354,'0003','CCC','2022-01-01','09:00:00','07:00:00','2023-05-22 07:44:30','2023-05-22 07:44:30',20),(355,'0004','DDD','2022-01-01','09:01:00','06:00:00','2023-05-22 07:44:30','2023-05-22 07:44:30',20),(356,'0005','FFF','2022-01-01','09:00:00','06:05:00','2023-05-22 07:44:30','2023-05-22 07:44:30',20),(357,'0001','AAA','2022-02-01','09:00:00','06:00:00','2023-05-22 07:44:30','2023-05-22 07:44:30',20),(358,'0002','BBB','2022-02-01','09:04:00','06:00:00','2023-05-22 07:44:30','2023-05-22 07:44:30',20),(359,'0003','CCC','2022-02-01','09:00:00','07:00:00','2023-05-22 07:44:30','2023-05-22 07:44:30',20),(360,'0004','DDD','2022-02-01','09:01:00','06:00:00','2023-05-22 07:44:30','2023-05-22 07:44:30',20),(361,'0005','FFF','2022-02-01','09:00:00','06:05:00','2023-05-22 07:44:30','2023-05-22 07:44:30',20),(362,'0001','AAA','2022-03-01','09:00:00','06:00:00','2023-05-22 07:44:30','2023-05-22 07:44:30',20),(363,'0002','BBB','2022-03-01','09:04:00','06:00:00','2023-05-22 07:44:30','2023-05-22 07:44:30',20),(364,'0003','CCC','2022-03-01','09:00:00','07:00:00','2023-05-22 07:44:30','2023-05-22 07:44:30',20),(365,'0004','DDD','2022-03-01','09:01:00','06:00:00','2023-05-22 07:44:30','2023-05-22 07:44:30',20),(366,'0005','FFF','2022-03-01','09:00:00','06:05:00','2023-05-22 07:44:30','2023-05-22 07:44:30',20),(367,'0001','AAA','2022-01-01','09:00:00','06:00:00','2023-05-22 07:46:05','2023-05-22 07:46:05',21),(368,'0002','BBB','2022-01-01','09:04:00','06:00:00','2023-05-22 07:46:05','2023-05-22 07:46:05',21),(369,'0003','CCC','2022-01-01','09:00:00','07:00:00','2023-05-22 07:46:05','2023-05-22 07:46:05',21),(370,'0004','DDD','2022-01-01','09:01:00','06:00:00','2023-05-22 07:46:05','2023-05-22 07:46:05',21),(371,'0005','FFF','2022-01-01','09:00:00','06:05:00','2023-05-22 07:46:05','2023-05-22 07:46:05',21),(372,'0001','AAA','2022-02-01','09:00:00','06:00:00','2023-05-22 07:46:05','2023-05-22 07:46:05',21),(373,'0002','BBB','2022-02-01','09:04:00','06:00:00','2023-05-22 07:46:05','2023-05-22 07:46:05',21),(374,'0003','CCC','2022-02-01','09:00:00','07:00:00','2023-05-22 07:46:05','2023-05-22 07:46:05',21),(375,'0004','DDD','2022-02-01','09:01:00','06:00:00','2023-05-22 07:46:05','2023-05-22 07:46:05',21),(376,'0005','FFF','2022-02-01','09:00:00','06:05:00','2023-05-22 07:46:05','2023-05-22 07:46:05',21),(377,'0001','AAA','2022-03-01','09:00:00','06:00:00','2023-05-22 07:46:05','2023-05-22 07:46:05',21),(378,'0002','BBB','2022-03-01','09:04:00','06:00:00','2023-05-22 07:46:05','2023-05-22 07:46:05',21),(379,'0003','CCC','2022-03-01','09:00:00','07:00:00','2023-05-22 07:46:05','2023-05-22 07:46:05',21),(380,'0004','DDD','2022-03-01','09:01:00','06:00:00','2023-05-22 07:46:05','2023-05-22 07:46:05',21),(381,'0005','FFF','2022-03-01','09:00:00','06:05:00','2023-05-22 07:46:05','2023-05-22 07:46:05',21),(382,'0001','AAA','2022-01-01','09:00:00','06:00:00','2023-05-22 07:48:35','2023-05-22 07:48:35',22),(383,'0002','BBB','2022-01-01','09:04:00','06:00:00','2023-05-22 07:48:35','2023-05-22 07:48:35',22),(384,'0003','CCC','2022-01-01','09:00:00','07:00:00','2023-05-22 07:48:35','2023-05-22 07:48:35',22),(385,'0004','DDD','2022-01-01','09:01:00','06:00:00','2023-05-22 07:48:35','2023-05-22 07:48:35',22),(386,'0005','FFF','2022-01-01','09:00:00','06:05:00','2023-05-22 07:48:35','2023-05-22 07:48:35',22),(387,'0001','AAA','2022-02-01','09:00:00','06:00:00','2023-05-22 07:48:35','2023-05-22 07:48:35',22),(388,'0002','BBB','2022-02-01','09:04:00','06:00:00','2023-05-22 07:48:35','2023-05-22 07:48:35',22),(389,'0003','CCC','2022-02-01','09:00:00','07:00:00','2023-05-22 07:48:35','2023-05-22 07:48:35',22),(390,'0004','DDD','2022-02-01','09:01:00','06:00:00','2023-05-22 07:48:35','2023-05-22 07:48:35',22),(391,'0005','FFF','2022-02-01','09:00:00','06:05:00','2023-05-22 07:48:35','2023-05-22 07:48:35',22),(392,'0001','AAA','2022-03-01','09:00:00','06:00:00','2023-05-22 07:48:35','2023-05-22 07:48:35',22),(393,'0002','BBB','2022-03-01','09:04:00','06:00:00','2023-05-22 07:48:35','2023-05-22 07:48:35',22),(394,'0003','CCC','2022-03-01','09:00:00','07:00:00','2023-05-22 07:48:35','2023-05-22 07:48:35',22),(395,'0004','DDD','2022-03-01','09:01:00','06:00:00','2023-05-22 07:48:35','2023-05-22 07:48:35',22),(396,'0005','FFF','2022-03-01','09:00:00','06:05:00','2023-05-22 07:48:35','2023-05-22 07:48:35',22),(397,'0001','AAA','2022-01-01','09:00:00','06:00:00','2023-05-22 07:51:58','2023-05-22 07:51:58',23),(398,'0002','BBB','2022-01-01','09:04:00','06:00:00','2023-05-22 07:51:58','2023-05-22 07:51:58',23),(399,'0003','CCC','2022-01-01','09:00:00','07:00:00','2023-05-22 07:51:58','2023-05-22 07:51:58',23),(400,'0004','DDD','2022-01-01','09:01:00','06:00:00','2023-05-22 07:51:58','2023-05-22 07:51:58',23),(401,'0005','FFF','2022-01-01','09:00:00','06:05:00','2023-05-22 07:51:58','2023-05-22 07:51:58',23),(402,'0001','AAA','2022-02-01','09:00:00','06:00:00','2023-05-22 07:51:58','2023-05-22 07:51:58',23),(403,'0002','BBB','2022-02-01','09:04:00','06:00:00','2023-05-22 07:51:58','2023-05-22 07:51:58',23),(404,'0003','CCC','2022-02-01','09:00:00','07:00:00','2023-05-22 07:51:58','2023-05-22 07:51:58',23),(405,'0004','DDD','2022-02-01','09:01:00','06:00:00','2023-05-22 07:51:58','2023-05-22 07:51:58',23),(406,'0005','FFF','2022-02-01','09:00:00','06:05:00','2023-05-22 07:51:58','2023-05-22 07:51:58',23),(407,'0001','AAA','2022-03-01','09:00:00','06:00:00','2023-05-22 07:51:58','2023-05-22 07:51:58',23),(408,'0002','BBB','2022-03-01','09:04:00','06:00:00','2023-05-22 07:51:58','2023-05-22 07:51:58',23),(409,'0003','CCC','2022-03-01','09:00:00','07:00:00','2023-05-22 07:51:58','2023-05-22 07:51:58',23),(410,'0004','DDD','2022-03-01','09:01:00','06:00:00','2023-05-22 07:51:58','2023-05-22 07:51:58',23),(411,'0005','FFF','2022-03-01','09:00:00','06:05:00','2023-05-22 07:51:58','2023-05-22 07:51:58',23),(412,'0001','AAA','2022-01-01','09:00:00','06:00:00','2023-05-22 07:52:58','2023-05-22 07:52:58',24),(413,'0002','BBB','2022-01-01','09:04:00','06:00:00','2023-05-22 07:52:58','2023-05-22 07:52:58',24),(414,'0003','CCC','2022-01-01','09:00:00','07:00:00','2023-05-22 07:52:58','2023-05-22 07:52:58',24),(415,'0004','DDD','2022-01-01','09:01:00','06:00:00','2023-05-22 07:52:58','2023-05-22 07:52:58',24),(416,'0005','FFF','2022-01-01','09:00:00','06:05:00','2023-05-22 07:52:58','2023-05-22 07:52:58',24),(417,'0001','AAA','2022-02-01','09:00:00','06:00:00','2023-05-22 07:52:58','2023-05-22 07:52:58',24),(418,'0002','BBB','2022-02-01','09:04:00','06:00:00','2023-05-22 07:52:58','2023-05-22 07:52:58',24),(419,'0003','CCC','2022-02-01','09:00:00','07:00:00','2023-05-22 07:52:58','2023-05-22 07:52:58',24),(420,'0004','DDD','2022-02-01','09:01:00','06:00:00','2023-05-22 07:52:58','2023-05-22 07:52:58',24),(421,'0005','FFF','2022-02-01','09:00:00','06:05:00','2023-05-22 07:52:58','2023-05-22 07:52:58',24),(422,'0001','AAA','2022-03-01','09:00:00','06:00:00','2023-05-22 07:52:58','2023-05-22 07:52:58',24),(423,'0002','BBB','2022-03-01','09:04:00','06:00:00','2023-05-22 07:52:58','2023-05-22 07:52:58',24),(424,'0003','CCC','2022-03-01','09:00:00','07:00:00','2023-05-22 07:52:58','2023-05-22 07:52:58',24),(425,'0004','DDD','2022-03-01','09:01:00','06:00:00','2023-05-22 07:52:58','2023-05-22 07:52:58',24),(426,'0005','FFF','2022-03-01','09:00:00','06:05:00','2023-05-22 07:52:58','2023-05-22 07:52:58',24),(427,'0001','AAA','2022-01-01','09:00:00','06:00:00','2023-05-22 07:54:49','2023-05-22 07:54:49',25),(428,'0002','BBB','2022-01-01','09:04:00','06:00:00','2023-05-22 07:54:49','2023-05-22 07:54:49',25),(429,'0003','CCC','2022-01-01','09:00:00','07:00:00','2023-05-22 07:54:49','2023-05-22 07:54:49',25),(430,'0004','DDD','2022-01-01','09:01:00','06:00:00','2023-05-22 07:54:49','2023-05-22 07:54:49',25),(431,'0005','FFF','2022-01-01','09:00:00','06:05:00','2023-05-22 07:54:49','2023-05-22 07:54:49',25),(432,'0001','AAA','2022-02-01','09:00:00','06:00:00','2023-05-22 07:54:49','2023-05-22 07:54:49',25),(433,'0002','BBB','2022-02-01','09:04:00','06:00:00','2023-05-22 07:54:49','2023-05-22 07:54:49',25),(434,'0003','CCC','2022-02-01','09:00:00','07:00:00','2023-05-22 07:54:49','2023-05-22 07:54:49',25),(435,'0004','DDD','2022-02-01','09:01:00','06:00:00','2023-05-22 07:54:49','2023-05-22 07:54:49',25),(436,'0005','FFF','2022-02-01','09:00:00','06:05:00','2023-05-22 07:54:49','2023-05-22 07:54:49',25),(437,'0001','AAA','2022-03-01','09:00:00','06:00:00','2023-05-22 07:54:49','2023-05-22 07:54:49',25),(438,'0002','BBB','2022-03-01','09:04:00','06:00:00','2023-05-22 07:54:49','2023-05-22 07:54:49',25),(439,'0003','CCC','2022-03-01','09:00:00','07:00:00','2023-05-22 07:54:49','2023-05-22 07:54:49',25),(440,'0004','DDD','2022-03-01','09:01:00','06:00:00','2023-05-22 07:54:49','2023-05-22 07:54:49',25),(441,'0005','FFF','2022-03-01','09:00:00','06:05:00','2023-05-22 07:54:49','2023-05-22 07:54:49',25),(442,'0001','AAA','2022-01-01','09:00:00','06:00:00','2023-05-22 07:56:19','2023-05-22 07:56:19',26),(443,'0002','BBB','2022-01-01','09:04:00','06:00:00','2023-05-22 07:56:19','2023-05-22 07:56:19',26),(444,'0003','CCC','2022-01-01','09:00:00','07:00:00','2023-05-22 07:56:19','2023-05-22 07:56:19',26),(445,'0004','DDD','2022-01-01','09:01:00','06:00:00','2023-05-22 07:56:19','2023-05-22 07:56:19',26),(446,'0005','FFF','2022-01-01','09:00:00','06:05:00','2023-05-22 07:56:19','2023-05-22 07:56:19',26),(447,'0001','AAA','2022-02-01','09:00:00','06:00:00','2023-05-22 07:56:19','2023-05-22 07:56:19',26),(448,'0002','BBB','2022-02-01','09:04:00','06:00:00','2023-05-22 07:56:19','2023-05-22 07:56:19',26),(449,'0003','CCC','2022-02-01','09:00:00','07:00:00','2023-05-22 07:56:19','2023-05-22 07:56:19',26),(450,'0004','DDD','2022-02-01','09:01:00','06:00:00','2023-05-22 07:56:19','2023-05-22 07:56:19',26),(451,'0005','FFF','2022-02-01','09:00:00','06:05:00','2023-05-22 07:56:19','2023-05-22 07:56:19',26),(452,'0001','AAA','2022-03-01','09:00:00','06:00:00','2023-05-22 07:56:19','2023-05-22 07:56:19',26),(453,'0002','BBB','2022-03-01','09:04:00','06:00:00','2023-05-22 07:56:19','2023-05-22 07:56:19',26),(454,'0003','CCC','2022-03-01','09:00:00','07:00:00','2023-05-22 07:56:19','2023-05-22 07:56:19',26),(455,'0004','DDD','2022-03-01','09:01:00','06:00:00','2023-05-22 07:56:19','2023-05-22 07:56:19',26),(456,'0005','FFF','2022-03-01','09:00:00','06:05:00','2023-05-22 07:56:19','2023-05-22 07:56:19',26),(458,'0002','BBB','2022-01-01','09:04:00','06:00:00','2023-05-22 07:57:18','2023-05-22 07:57:18',27),(459,'0003','CCC','2022-01-01','09:00:00','07:00:00','2023-05-22 07:57:18','2023-05-22 07:57:18',27),(460,'0004','DDD','2022-01-01','09:01:00','06:00:00','2023-05-22 07:57:18','2023-05-22 07:57:18',27),(461,'0005','FFF','2022-01-01','09:00:00','06:05:00','2023-05-22 07:57:18','2023-05-22 07:57:18',27),(462,'0001','AAA','2022-02-01','09:00:00','06:00:00','2023-05-22 07:57:18','2023-05-22 07:57:18',27),(463,'0002','BBB','2022-02-01','09:04:00','06:00:00','2023-05-22 07:57:18','2023-05-22 07:57:18',27),(464,'0003','CCC','2022-02-01','09:00:00','07:00:00','2023-05-22 07:57:18','2023-05-22 07:57:18',27),(465,'0004','DDD','2022-02-01','09:01:00','06:00:00','2023-05-22 07:57:18','2023-05-22 07:57:18',27),(466,'0005','FFF','2022-02-01','09:00:00','06:05:00','2023-05-22 07:57:18','2023-05-22 07:57:18',27),(467,'0001','AAA','2022-03-01','09:00:00','06:00:00','2023-05-22 07:57:18','2023-05-22 07:57:18',27),(468,'0002','BBB','2022-03-01','09:04:00','06:00:00','2023-05-22 07:57:18','2023-05-22 07:57:18',27),(469,'0003','CCC','2022-03-01','09:00:00','07:00:00','2023-05-22 07:57:18','2023-05-22 07:57:18',27),(470,'0004','DDD','2022-03-01','09:01:00','06:00:00','2023-05-22 07:57:18','2023-05-22 07:57:18',27),(471,'0005','FFF','2022-03-01','09:00:00','06:05:00','2023-05-22 07:57:18','2023-05-22 07:57:18',27),(472,'0001','AAA','2022-01-01','09:00:00','06:00:00','2023-05-22 08:00:03','2023-05-22 08:00:03',28),(473,'0002','BBB','2022-01-01','09:04:00','06:00:00','2023-05-22 08:00:03','2023-05-22 08:00:03',28),(474,'0003','CCC','2022-01-01','09:00:00','07:00:00','2023-05-22 08:00:03','2023-05-22 08:00:03',28),(475,'0004','DDD','2022-01-01','09:01:00','06:00:00','2023-05-22 08:00:03','2023-05-22 08:00:03',28),(476,'0005','FFF','2022-01-01','09:00:00','06:05:00','2023-05-22 08:00:03','2023-05-22 08:00:03',28),(477,'0001','AAA','2022-02-01','09:00:00','06:00:00','2023-05-22 08:00:03','2023-05-22 08:00:03',28),(478,'0002','BBB','2022-02-01','09:04:00','06:00:00','2023-05-22 08:00:03','2023-05-22 08:00:03',28),(479,'0003','CCC','2022-02-01','09:00:00','07:00:00','2023-05-22 08:00:03','2023-05-22 08:00:03',28),(480,'0004','DDD','2022-02-01','09:01:00','06:00:00','2023-05-22 08:00:03','2023-05-22 08:00:03',28),(481,'0005','FFF','2022-02-01','09:00:00','06:05:00','2023-05-22 08:00:03','2023-05-22 08:00:03',28),(482,'0001','AAA','2022-03-01','09:00:00','06:00:00','2023-05-22 08:00:03','2023-05-22 08:00:03',28),(483,'0002','BBB','2022-03-01','09:04:00','06:00:00','2023-05-22 08:00:03','2023-05-22 08:00:03',28),(484,'0003','CCC','2022-03-01','09:00:00','07:00:00','2023-05-22 08:00:03','2023-05-22 08:00:03',28),(485,'0004','DDD','2022-03-01','09:01:00','06:00:00','2023-05-22 08:00:03','2023-05-22 08:00:03',28),(486,'0005','FFF','2022-03-01','09:00:00','06:05:00','2023-05-22 08:00:03','2023-05-22 08:00:03',28),(487,'0001','AAA','2022-01-01','09:00:00','06:00:00','2023-05-22 08:03:37','2023-05-22 08:03:37',29),(488,'0002','BBB','2022-01-01','09:04:00','06:00:00','2023-05-22 08:03:37','2023-05-22 08:03:37',29),(489,'0003','CCC','2022-01-01','09:00:00','07:00:00','2023-05-22 08:03:37','2023-05-22 08:03:37',29),(490,'0004','DDD','2022-01-01','09:01:00','06:00:00','2023-05-22 08:03:37','2023-05-22 08:03:37',29),(491,'0005','FFF','2022-01-01','09:00:00','06:05:00','2023-05-22 08:03:37','2023-05-22 08:03:37',29),(492,'0001','AAA','2022-02-01','09:00:00','06:00:00','2023-05-22 08:03:37','2023-05-22 08:03:37',29),(493,'0002','BBB','2022-02-01','09:04:00','06:00:00','2023-05-22 08:03:37','2023-05-22 08:03:37',29),(494,'0003','CCC','2022-02-01','09:00:00','07:00:00','2023-05-22 08:03:37','2023-05-22 08:03:37',29),(495,'0004','DDD','2022-02-01','09:01:00','06:00:00','2023-05-22 08:03:37','2023-05-22 08:03:37',29),(496,'0005','FFF','2022-02-01','09:00:00','06:05:00','2023-05-22 08:03:37','2023-05-22 08:03:37',29),(497,'0001','AAA','2022-03-01','09:00:00','06:00:00','2023-05-22 08:03:37','2023-05-22 08:03:37',29),(498,'0002','BBB','2022-03-01','09:04:00','06:00:00','2023-05-22 08:03:37','2023-05-22 08:03:37',29),(499,'0003','CCC','2022-03-01','09:00:00','07:00:00','2023-05-22 08:03:37','2023-05-22 08:03:37',29),(500,'0004','DDD','2022-03-01','09:01:00','06:00:00','2023-05-22 08:03:37','2023-05-22 08:03:37',29),(501,'0005','FFF','2022-03-01','09:00:00','06:05:00','2023-05-22 08:03:37','2023-05-22 08:03:37',29),(502,'0001','AAA','2022-01-01','09:00:00','06:00:00','2023-05-22 08:04:32','2023-05-22 08:04:32',30),(503,'0002','BBB','2022-01-01','09:04:00','06:00:00','2023-05-22 08:04:32','2023-05-22 08:04:32',30),(504,'0003','CCC','2022-01-01','09:00:00','07:00:00','2023-05-22 08:04:32','2023-05-22 08:04:32',30),(505,'0004','DDD','2022-01-01','09:01:00','06:00:00','2023-05-22 08:04:32','2023-05-22 08:04:32',30),(506,'0005','FFF','2022-01-01','09:00:00','06:05:00','2023-05-22 08:04:32','2023-05-22 08:04:32',30),(507,'0001','AAA','2022-02-01','09:00:00','06:00:00','2023-05-22 08:04:32','2023-05-22 08:04:32',30),(508,'0002','BBB','2022-02-01','09:04:00','06:00:00','2023-05-22 08:04:32','2023-05-22 08:04:32',30),(509,'0003','CCC','2022-02-01','09:00:00','07:00:00','2023-05-22 08:04:32','2023-05-22 08:04:32',30),(510,'0004','DDD','2022-02-01','09:01:00','06:00:00','2023-05-22 08:04:32','2023-05-22 08:04:32',30),(511,'0005','FFF','2022-02-01','09:00:00','06:05:00','2023-05-22 08:04:32','2023-05-22 08:04:32',30),(512,'0001','AAA','2022-03-01','09:00:00','06:00:00','2023-05-22 08:04:32','2023-05-22 08:04:32',30),(513,'0002','BBB','2022-03-01','09:04:00','06:00:00','2023-05-22 08:04:32','2023-05-22 08:04:32',30),(514,'0003','CCC','2022-03-01','09:00:00','07:00:00','2023-05-22 08:04:32','2023-05-22 08:04:32',30),(515,'0004','DDD','2022-03-01','09:01:00','06:00:00','2023-05-22 08:04:32','2023-05-22 08:04:32',30),(516,'0005','FFF','2022-03-01','09:00:00','06:05:00','2023-05-22 08:04:32','2023-05-22 08:04:32',30),(517,'0001','AAA','2022-01-01','09:00:00','06:00:00','2023-05-22 08:06:43','2023-05-22 08:06:43',31),(518,'0002','BBB','2022-01-01','09:04:00','06:00:00','2023-05-22 08:06:43','2023-05-22 08:06:43',31),(519,'0003','CCC','2022-01-01','09:00:00','07:00:00','2023-05-22 08:06:43','2023-05-22 08:06:43',31),(520,'0004','DDD','2022-01-01','09:01:00','06:00:00','2023-05-22 08:06:43','2023-05-22 08:06:43',31),(521,'0005','FFF','2022-01-01','09:00:00','06:05:00','2023-05-22 08:06:43','2023-05-22 08:06:43',31),(522,'0001','AAA','2022-02-01','09:00:00','06:00:00','2023-05-22 08:06:43','2023-05-22 08:06:43',31),(523,'0002','BBB','2022-02-01','09:04:00','06:00:00','2023-05-22 08:06:43','2023-05-22 08:06:43',31),(524,'0003','CCC','2022-02-01','09:00:00','07:00:00','2023-05-22 08:06:43','2023-05-22 08:06:43',31),(525,'0004','DDD','2022-02-01','09:01:00','06:00:00','2023-05-22 08:06:43','2023-05-22 08:06:43',31),(526,'0005','FFF','2022-02-01','09:00:00','06:05:00','2023-05-22 08:06:43','2023-05-22 08:06:43',31),(527,'0001','AAA','2022-03-01','09:00:00','06:00:00','2023-05-22 08:06:43','2023-05-22 08:06:43',31),(528,'0002','BBB','2022-03-01','09:04:00','06:00:00','2023-05-22 08:06:43','2023-05-22 08:06:43',31),(529,'0003','CCC','2022-03-01','09:00:00','07:00:00','2023-05-22 08:06:43','2023-05-22 08:06:43',31),(530,'0004','DDD','2022-03-01','09:01:00','06:00:00','2023-05-22 08:06:43','2023-05-22 08:06:43',31),(531,'0005','FFF','2022-03-01','09:00:00','06:05:00','2023-05-22 08:06:43','2023-05-22 08:06:43',31),(532,'0001','AAA','2022-01-01','09:00:00','06:00:00','2023-05-22 08:08:56','2023-05-22 08:08:56',32),(533,'0002','BBB','2022-01-01','09:04:00','06:00:00','2023-05-22 08:08:56','2023-05-22 08:08:56',32),(534,'0003','CCC','2022-01-01','09:00:00','07:00:00','2023-05-22 08:08:56','2023-05-22 08:08:56',32),(535,'0004','DDD','2022-01-01','09:01:00','06:00:00','2023-05-22 08:08:56','2023-05-22 08:08:56',32),(536,'0005','FFF','2022-01-01','09:00:00','06:05:00','2023-05-22 08:08:56','2023-05-22 08:08:56',32),(537,'0001','AAA','2022-02-01','09:00:00','06:00:00','2023-05-22 08:08:56','2023-05-22 08:08:56',32),(538,'0002','BBB','2022-02-01','09:04:00','06:00:00','2023-05-22 08:08:56','2023-05-22 08:08:56',32),(539,'0003','CCC','2022-02-01','09:00:00','07:00:00','2023-05-22 08:08:56','2023-05-22 08:08:56',32),(540,'0004','DDD','2022-02-01','09:01:00','06:00:00','2023-05-22 08:08:56','2023-05-22 08:08:56',32),(541,'0005','FFF','2022-02-01','09:00:00','06:05:00','2023-05-22 08:08:56','2023-05-22 08:08:56',32),(542,'0001','AAA','2022-03-01','09:00:00','06:00:00','2023-05-22 08:08:56','2023-05-22 08:08:56',32),(543,'0002','BBB','2022-03-01','09:04:00','06:00:00','2023-05-22 08:08:56','2023-05-22 08:08:56',32),(544,'0003','CCC','2022-03-01','09:00:00','07:00:00','2023-05-22 08:08:56','2023-05-22 08:08:56',32),(545,'0004','DDD','2022-03-01','09:01:00','06:00:00','2023-05-22 08:08:56','2023-05-22 08:08:56',32),(546,'0005','FFF','2022-03-01','09:00:00','06:05:00','2023-05-22 08:08:56','2023-05-22 08:08:56',32),(547,'0001','AAA','2022-01-01','09:00:00','06:00:00','2023-05-22 08:12:34','2023-05-22 08:12:34',33),(548,'0002','BBB','2022-01-01','09:04:00','06:00:00','2023-05-22 08:12:34','2023-05-22 08:12:34',33),(549,'0003','CCC','2022-01-01','09:00:00','07:00:00','2023-05-22 08:12:34','2023-05-22 08:12:34',33),(550,'0004','DDD','2022-01-01','09:01:00','06:00:00','2023-05-22 08:12:34','2023-05-22 08:12:34',33),(551,'0005','FFF','2022-01-01','09:00:00','06:05:00','2023-05-22 08:12:34','2023-05-22 08:12:34',33),(552,'0001','AAA','2022-02-01','09:00:00','06:00:00','2023-05-22 08:12:34','2023-05-22 08:12:34',33),(553,'0002','BBB','2022-02-01','09:04:00','06:00:00','2023-05-22 08:12:34','2023-05-22 08:12:34',33),(554,'0003','CCC','2022-02-01','09:00:00','07:00:00','2023-05-22 08:12:34','2023-05-22 08:12:34',33),(555,'0004','DDD','2022-02-01','09:01:00','06:00:00','2023-05-22 08:12:34','2023-05-22 08:12:34',33),(556,'0005','FFF','2022-02-01','09:00:00','06:05:00','2023-05-22 08:12:35','2023-05-22 08:12:35',33),(557,'0001','AAA','2022-03-01','09:00:00','06:00:00','2023-05-22 08:12:35','2023-05-22 08:12:35',33),(558,'0002','BBB','2022-03-01','09:04:00','06:00:00','2023-05-22 08:12:35','2023-05-22 08:12:35',33),(559,'0003','CCC','2022-03-01','09:00:00','07:00:00','2023-05-22 08:12:35','2023-05-22 08:12:35',33),(560,'0004','DDD','2022-03-01','09:01:00','06:00:00','2023-05-22 08:12:35','2023-05-22 08:12:35',33),(561,'0005','FFF','2022-03-01','09:00:00','06:05:00','2023-05-22 08:12:35','2023-05-22 08:12:35',33),(563,'0002','BBB','2022-01-01','09:04:00','06:00:00','2023-05-22 08:27:31','2023-05-22 08:27:31',34),(564,'0003','CCC','2022-01-01','09:00:00','07:00:00','2023-05-22 08:27:31','2023-05-22 08:27:31',34),(565,'0004','DDD','2022-01-01','09:01:00','06:00:00','2023-05-22 08:27:31','2023-05-22 08:27:31',34),(566,'0005','FFF','2022-01-01','09:00:00','06:05:00','2023-05-22 08:27:31','2023-05-22 08:27:31',34),(567,'0001','AAA','2022-02-01','09:00:00','06:00:00','2023-05-22 08:27:31','2023-05-22 08:27:31',34),(568,'0002','BBB','2022-02-01','09:04:00','06:00:00','2023-05-22 08:27:31','2023-05-22 08:27:31',34),(569,'0003','CCC','2022-02-01','09:00:00','07:00:00','2023-05-22 08:27:31','2023-05-22 08:27:31',34),(570,'0004','DDD','2022-02-01','09:01:00','06:00:00','2023-05-22 08:27:31','2023-05-22 08:27:31',34),(571,'0005','FFF','2022-02-01','09:00:00','06:05:00','2023-05-22 08:27:31','2023-05-22 08:27:31',34),(572,'0001','AAA','2022-03-01','09:00:00','06:00:00','2023-05-22 08:27:31','2023-05-22 08:27:31',34),(573,'0002','BBB','2022-03-01','09:04:00','06:00:00','2023-05-22 08:27:31','2023-05-22 08:27:31',34),(574,'0003','CCC','2022-03-01','09:00:00','07:00:00','2023-05-22 08:27:31','2023-05-22 08:27:31',34),(575,'0004','DDD','2022-03-01','09:01:00','06:00:00','2023-05-22 08:27:31','2023-05-22 08:27:31',34),(576,'0005','FFF','2022-03-01','09:00:00','06:05:00','2023-05-22 08:27:31','2023-05-22 08:27:31',34),(577,'0001','AAA','2022-01-01','09:00:00','06:00:00','2023-05-22 08:27:57','2023-05-22 08:27:57',35),(578,'0002','BBB','2022-01-01','09:04:00','06:00:00','2023-05-22 08:27:57','2023-05-22 08:27:57',35),(579,'0003','CCC','2022-01-01','09:00:00','07:00:00','2023-05-22 08:27:57','2023-05-22 08:27:57',35),(580,'0004','DDD','2022-01-01','09:01:00','06:00:00','2023-05-22 08:27:57','2023-05-22 08:27:57',35),(581,'0005','FFF','2022-01-01','09:00:00','06:05:00','2023-05-22 08:27:57','2023-05-22 08:27:57',35),(582,'0001','AAA','2022-02-01','09:00:00','06:00:00','2023-05-22 08:27:57','2023-05-22 08:27:57',35),(583,'0002','BBB','2022-02-01','09:04:00','06:00:00','2023-05-22 08:27:57','2023-05-22 08:27:57',35),(584,'0003','CCC','2022-02-01','09:00:00','07:00:00','2023-05-22 08:27:57','2023-05-22 08:27:57',35),(585,'0004','DDD','2022-02-01','09:01:00','06:00:00','2023-05-22 08:27:57','2023-05-22 08:27:57',35),(586,'0005','FFF','2022-02-01','09:00:00','06:05:00','2023-05-22 08:27:57','2023-05-22 08:27:57',35),(587,'0001','AAA','2022-03-01','09:00:00','06:00:00','2023-05-22 08:27:57','2023-05-22 08:27:57',35),(588,'0002','BBB','2022-03-01','09:04:00','06:00:00','2023-05-22 08:27:57','2023-05-22 08:27:57',35),(589,'0003','CCC','2022-03-01','09:00:00','07:00:00','2023-05-22 08:27:57','2023-05-22 08:27:57',35),(590,'0004','DDD','2022-03-01','09:01:00','06:00:00','2023-05-22 08:27:57','2023-05-22 08:27:57',35),(591,'0005','FFF','2022-03-01','09:00:00','06:05:00','2023-05-22 08:27:57','2023-05-22 08:27:57',35),(592,'0001','AAA','2022-01-01','09:00:00','06:00:00','2023-05-22 08:31:46','2023-05-22 08:31:46',36),(593,'0002','BBB','2022-01-01','09:04:00','06:00:00','2023-05-22 08:31:46','2023-05-22 08:31:46',36),(594,'0003','CCC','2022-01-01','09:00:00','07:00:00','2023-05-22 08:31:46','2023-05-22 08:31:46',36),(595,'0004','DDD','2022-01-01','09:01:00','06:00:00','2023-05-22 08:31:46','2023-05-22 08:31:46',36),(596,'0005','FFF','2022-01-01','09:00:00','06:05:00','2023-05-22 08:31:46','2023-05-22 08:31:46',36),(597,'0001','AAA','2022-02-01','09:00:00','06:00:00','2023-05-22 08:31:46','2023-05-22 08:31:46',36),(598,'0002','BBB','2022-02-01','09:04:00','06:00:00','2023-05-22 08:31:46','2023-05-22 08:31:46',36),(599,'0003','CCC','2022-02-01','09:00:00','07:00:00','2023-05-22 08:31:46','2023-05-22 08:31:46',36),(600,'0004','DDD','2022-02-01','09:01:00','06:00:00','2023-05-22 08:31:46','2023-05-22 08:31:46',36),(601,'0005','FFF','2022-02-01','09:00:00','06:05:00','2023-05-22 08:31:46','2023-05-22 08:31:46',36),(602,'0001','AAA','2022-03-01','09:00:00','06:00:00','2023-05-22 08:31:46','2023-05-22 08:31:46',36),(603,'0002','BBB','2022-03-01','09:04:00','06:00:00','2023-05-22 08:31:46','2023-05-22 08:31:46',36),(604,'0003','CCC','2022-03-01','09:00:00','07:00:00','2023-05-22 08:31:46','2023-05-22 08:31:46',36),(605,'0004','DDD','2022-03-01','09:01:00','06:00:00','2023-05-22 08:31:46','2023-05-22 08:31:46',36),(606,'0005','FFF','2022-03-01','09:00:00','06:05:00','2023-05-22 08:31:46','2023-05-22 08:31:46',36),(607,'0001','AAA','2022-01-01','09:00:00','06:00:00','2023-05-22 08:35:36','2023-05-22 08:35:36',37),(608,'0002','BBB','2022-01-01','09:04:00','06:00:00','2023-05-22 08:35:36','2023-05-22 08:35:36',37),(609,'0003','CCC','2022-01-01','09:00:00','07:00:00','2023-05-22 08:35:36','2023-05-22 08:35:36',37),(610,'0004','DDD','2022-01-01','09:01:00','06:00:00','2023-05-22 08:35:36','2023-05-22 08:35:36',37),(611,'0005','FFF','2022-01-01','09:00:00','06:05:00','2023-05-22 08:35:36','2023-05-22 08:35:36',37),(612,'0001','AAA','2022-02-01','09:00:00','06:00:00','2023-05-22 08:35:36','2023-05-22 08:35:36',37),(613,'0002','BBB','2022-02-01','09:04:00','06:00:00','2023-05-22 08:35:36','2023-05-22 08:35:36',37),(614,'0003','CCC','2022-02-01','09:00:00','07:00:00','2023-05-22 08:35:36','2023-05-22 08:35:36',37),(615,'0004','DDD','2022-02-01','09:01:00','06:00:00','2023-05-22 08:35:36','2023-05-22 08:35:36',37),(616,'0005','FFF','2022-02-01','09:00:00','06:05:00','2023-05-22 08:35:36','2023-05-22 08:35:36',37),(617,'0001','AAA','2022-03-01','09:00:00','06:00:00','2023-05-22 08:35:36','2023-05-22 08:35:36',37),(618,'0002','BBB','2022-03-01','09:04:00','06:00:00','2023-05-22 08:35:36','2023-05-22 08:35:36',37),(619,'0003','CCC','2022-03-01','09:00:00','07:00:00','2023-05-22 08:35:36','2023-05-22 08:35:36',37),(620,'0004','DDD','2022-03-01','09:01:00','06:00:00','2023-05-22 08:35:36','2023-05-22 08:35:36',37),(621,'0005','FFF','2022-03-01','09:00:00','06:05:00','2023-05-22 08:35:36','2023-05-22 08:35:36',37),(622,'0001','AAA','2022-01-01','09:00:00','06:00:00','2023-05-22 08:38:40','2023-05-22 08:38:40',38),(623,'0002','BBB','2022-01-01','09:04:00','06:00:00','2023-05-22 08:38:40','2023-05-22 08:38:40',38),(624,'0003','CCC','2022-01-01','09:00:00','07:00:00','2023-05-22 08:38:40','2023-05-22 08:38:40',38),(625,'0004','DDD','2022-01-01','09:01:00','06:00:00','2023-05-22 08:38:40','2023-05-22 08:38:40',38),(626,'0005','FFF','2022-01-01','09:00:00','06:05:00','2023-05-22 08:38:40','2023-05-22 08:38:40',38),(627,'0001','AAA','2022-02-01','09:00:00','06:00:00','2023-05-22 08:38:40','2023-05-22 08:38:40',38),(628,'0002','BBB','2022-02-01','09:04:00','06:00:00','2023-05-22 08:38:40','2023-05-22 08:38:40',38),(629,'0003','CCC','2022-02-01','09:00:00','07:00:00','2023-05-22 08:38:40','2023-05-22 08:38:40',38),(630,'0004','DDD','2022-02-01','09:01:00','06:00:00','2023-05-22 08:38:40','2023-05-22 08:38:40',38),(631,'0005','FFF','2022-02-01','09:00:00','06:05:00','2023-05-22 08:38:40','2023-05-22 08:38:40',38),(632,'0001','AAA','2022-03-01','09:00:00','06:00:00','2023-05-22 08:38:40','2023-05-22 08:38:40',38),(633,'0002','BBB','2022-03-01','09:04:00','06:00:00','2023-05-22 08:38:40','2023-05-22 08:38:40',38),(634,'0003','CCC','2022-03-01','09:00:00','07:00:00','2023-05-22 08:38:40','2023-05-22 08:38:40',38),(635,'0004','DDD','2022-03-01','09:01:00','06:00:00','2023-05-22 08:38:40','2023-05-22 08:38:40',38),(636,'0005','FFF','2022-03-01','09:00:00','06:05:00','2023-05-22 08:38:40','2023-05-22 08:38:40',38),(637,'0001','AAA','2022-01-01','09:00:00','06:00:00','2023-05-22 08:44:38','2023-05-22 08:44:38',39),(638,'0002','BBB','2022-01-01','09:04:00','06:00:00','2023-05-22 08:44:38','2023-05-22 08:44:38',39),(639,'0003','CCC','2022-01-01','09:00:00','07:00:00','2023-05-22 08:44:38','2023-05-22 08:44:38',39),(640,'0004','DDD','2022-01-01','09:01:00','06:00:00','2023-05-22 08:44:38','2023-05-22 08:44:38',39),(641,'0005','FFF','2022-01-01','09:00:00','06:05:00','2023-05-22 08:44:38','2023-05-22 08:44:38',39),(642,'0001','AAA','2022-02-01','09:00:00','06:00:00','2023-05-22 08:44:38','2023-05-22 08:44:38',39),(643,'0002','BBB','2022-02-01','09:04:00','06:00:00','2023-05-22 08:44:38','2023-05-22 08:44:38',39),(644,'0003','CCC','2022-02-01','09:00:00','07:00:00','2023-05-22 08:44:38','2023-05-22 08:44:38',39),(645,'0004','DDD','2022-02-01','09:01:00','06:00:00','2023-05-22 08:44:38','2023-05-22 08:44:38',39),(646,'0005','FFF','2022-02-01','09:00:00','06:05:00','2023-05-22 08:44:38','2023-05-22 08:44:38',39),(647,'0001','AAA','2022-03-01','09:00:00','06:00:00','2023-05-22 08:44:39','2023-05-22 08:44:39',39),(648,'0002','BBB','2022-03-01','09:04:00','06:00:00','2023-05-22 08:44:39','2023-05-22 08:44:39',39),(649,'0003','CCC','2022-03-01','09:00:00','07:00:00','2023-05-22 08:44:39','2023-05-22 08:44:39',39),(650,'0004','DDD','2022-03-01','09:01:00','06:00:00','2023-05-22 08:44:39','2023-05-22 08:44:39',39),(651,'0005','FFF','2022-03-01','09:00:00','06:05:00','2023-05-22 08:44:39','2023-05-22 08:44:39',39),(652,'0001','AAA','2022-01-01','09:00:00','06:00:00','2023-05-22 08:46:11','2023-05-22 08:46:11',40),(653,'0002','BBB','2022-01-01','09:04:00','06:00:00','2023-05-22 08:46:11','2023-05-22 08:46:11',40),(654,'0003','CCC','2022-01-01','09:00:00','07:00:00','2023-05-22 08:46:11','2023-05-22 08:46:11',40),(655,'0004','DDD','2022-01-01','09:01:00','06:00:00','2023-05-22 08:46:11','2023-05-22 08:46:11',40),(656,'0005','FFF','2022-01-01','09:00:00','06:05:00','2023-05-22 08:46:11','2023-05-22 08:46:11',40),(657,'0001','AAA','2022-02-01','09:00:00','06:00:00','2023-05-22 08:46:11','2023-05-22 08:46:11',40),(658,'0002','BBB','2022-02-01','09:04:00','06:00:00','2023-05-22 08:46:11','2023-05-22 08:46:11',40),(659,'0003','CCC','2022-02-01','09:00:00','07:00:00','2023-05-22 08:46:11','2023-05-22 08:46:11',40),(660,'0004','DDD','2022-02-01','09:01:00','06:00:00','2023-05-22 08:46:11','2023-05-22 08:46:11',40),(661,'0005','FFF','2022-02-01','09:00:00','06:05:00','2023-05-22 08:46:11','2023-05-22 08:46:11',40),(662,'0001','AAA','2022-03-01','09:00:00','06:00:00','2023-05-22 08:46:11','2023-05-22 08:46:11',40),(663,'0002','BBB','2022-03-01','09:04:00','06:00:00','2023-05-22 08:46:11','2023-05-22 08:46:11',40),(664,'0003','CCC','2022-03-01','09:00:00','07:00:00','2023-05-22 08:46:11','2023-05-22 08:46:11',40),(665,'0004','DDD','2022-03-01','09:01:00','06:00:00','2023-05-22 08:46:11','2023-05-22 08:46:11',40),(666,'0005','FFF','2022-03-01','09:00:00','06:05:00','2023-05-22 08:46:11','2023-05-22 08:46:11',40),(667,'0001','AAA','2022-01-01','09:00:00','06:00:00','2023-05-22 08:49:53','2023-05-22 08:49:53',41),(668,'0002','BBB','2022-01-01','09:04:00','06:00:00','2023-05-22 08:49:53','2023-05-22 08:49:53',41),(669,'0003','CCC','2022-01-01','09:00:00','07:00:00','2023-05-22 08:49:53','2023-05-22 08:49:53',41),(670,'0004','DDD','2022-01-01','09:01:00','06:00:00','2023-05-22 08:49:53','2023-05-22 08:49:53',41),(671,'0005','FFF','2022-01-01','09:00:00','06:05:00','2023-05-22 08:49:53','2023-05-22 08:49:53',41),(672,'0001','AAA','2022-02-01','09:00:00','06:00:00','2023-05-22 08:49:53','2023-05-22 08:49:53',41),(673,'0002','BBB','2022-02-01','09:04:00','06:00:00','2023-05-22 08:49:53','2023-05-22 08:49:53',41),(674,'0003','CCC','2022-02-01','09:00:00','07:00:00','2023-05-22 08:49:53','2023-05-22 08:49:53',41),(675,'0004','DDD','2022-02-01','09:01:00','06:00:00','2023-05-22 08:49:53','2023-05-22 08:49:53',41),(676,'0005','FFF','2022-02-01','09:00:00','06:05:00','2023-05-22 08:49:53','2023-05-22 08:49:53',41),(677,'0001','AAA','2022-03-01','09:00:00','06:00:00','2023-05-22 08:49:53','2023-05-22 08:49:53',41),(678,'0002','BBB','2022-03-01','09:04:00','06:00:00','2023-05-22 08:49:53','2023-05-22 08:49:53',41),(679,'0003','CCC','2022-03-01','09:00:00','07:00:00','2023-05-22 08:49:53','2023-05-22 08:49:53',41),(680,'0004','DDD','2022-03-01','09:01:00','06:00:00','2023-05-22 08:49:53','2023-05-22 08:49:53',41),(681,'0005','FFF','2022-03-01','09:00:00','06:05:00','2023-05-22 08:49:53','2023-05-22 08:49:53',41),(682,'0001','AAA','2022-01-01','09:00:00','06:00:00','2023-05-22 09:03:24','2023-05-22 09:03:24',42),(683,'0002','BBB','2022-01-01','09:04:00','06:00:00','2023-05-22 09:03:24','2023-05-22 09:03:24',42),(684,'0003','CCC','2022-01-01','09:00:00','07:00:00','2023-05-22 09:03:24','2023-05-22 09:03:24',42),(685,'0004','DDD','2022-01-01','09:01:00','06:00:00','2023-05-22 09:03:24','2023-05-22 09:03:24',42),(686,'0005','FFF','2022-01-01','09:00:00','06:05:00','2023-05-22 09:03:24','2023-05-22 09:03:24',42),(687,'0001','AAA','2022-02-01','09:00:00','06:00:00','2023-05-22 09:03:24','2023-05-22 09:03:24',42),(688,'0002','BBB','2022-02-01','09:04:00','06:00:00','2023-05-22 09:03:24','2023-05-22 09:03:24',42),(689,'0003','CCC','2022-02-01','09:00:00','07:00:00','2023-05-22 09:03:24','2023-05-22 09:03:24',42),(690,'0004','DDD','2022-02-01','09:01:00','06:00:00','2023-05-22 09:03:24','2023-05-22 09:03:24',42),(691,'0005','FFF','2022-02-01','09:00:00','06:05:00','2023-05-22 09:03:24','2023-05-22 09:03:24',42),(692,'0001','AAA','2022-03-01','09:00:00','06:00:00','2023-05-22 09:03:24','2023-05-22 09:03:24',42),(693,'0002','BBB','2022-03-01','09:04:00','06:00:00','2023-05-22 09:03:24','2023-05-22 09:03:24',42),(694,'0003','CCC','2022-03-01','09:00:00','07:00:00','2023-05-22 09:03:24','2023-05-22 09:03:24',42),(695,'0004','DDD','2022-03-01','09:01:00','06:00:00','2023-05-22 09:03:24','2023-05-22 09:03:24',42),(696,'0005','FFF','2022-03-01','09:00:00','06:05:00','2023-05-22 09:03:24','2023-05-22 09:03:24',42),(697,'0001','AAA','2022-01-01','09:00:00','06:00:00','2023-05-22 09:22:43','2023-05-22 09:22:43',43),(698,'0002','BBB','2022-01-01','09:04:00','06:00:00','2023-05-22 09:22:43','2023-05-22 09:22:43',43),(699,'0003','CCC','2022-01-01','09:00:00','07:00:00','2023-05-22 09:22:43','2023-05-22 09:22:43',43),(700,'0004','DDD','2022-01-01','09:01:00','06:00:00','2023-05-22 09:22:43','2023-05-22 09:22:43',43),(701,'0005','FFF','2022-01-01','09:00:00','06:05:00','2023-05-22 09:22:43','2023-05-22 09:22:43',43),(702,'0001','AAA','2022-02-01','09:00:00','06:00:00','2023-05-22 09:22:43','2023-05-22 09:22:43',43),(703,'0002','BBB','2022-02-01','09:04:00','06:00:00','2023-05-22 09:22:43','2023-05-22 09:22:43',43),(704,'0003','CCC','2022-02-01','09:00:00','07:00:00','2023-05-22 09:22:43','2023-05-22 09:22:43',43),(705,'0004','DDD','2022-02-01','09:01:00','06:00:00','2023-05-22 09:22:43','2023-05-22 09:22:43',43),(706,'0005','FFF','2022-02-01','09:00:00','06:05:00','2023-05-22 09:22:43','2023-05-22 09:22:43',43),(707,'0001','AAA','2022-03-01','09:00:00','06:00:00','2023-05-22 09:22:43','2023-05-22 09:22:43',43),(708,'0002','BBB','2022-03-01','09:04:00','06:00:00','2023-05-22 09:22:43','2023-05-22 09:22:43',43),(709,'0003','CCC','2022-03-01','09:00:00','07:00:00','2023-05-22 09:22:43','2023-05-22 09:22:43',43),(710,'0004','DDD','2022-03-01','09:01:00','06:00:00','2023-05-22 09:22:43','2023-05-22 09:22:43',43),(711,'0005','FFF','2022-03-01','09:00:00','06:05:00','2023-05-22 09:22:43','2023-05-22 09:22:43',43),(712,'0001','AAA','2022-01-01','09:00:00','06:00:00','2023-05-22 09:24:03','2023-05-22 09:24:03',44),(713,'0002','BBB','2022-01-01','09:04:00','06:00:00','2023-05-22 09:24:03','2023-05-22 09:24:03',44),(714,'0003','CCC','2022-01-01','09:00:00','07:00:00','2023-05-22 09:24:03','2023-05-22 09:24:03',44),(715,'0004','DDD','2022-01-01','09:01:00','06:00:00','2023-05-22 09:24:03','2023-05-22 09:24:03',44),(716,'0005','FFF','2022-01-01','09:00:00','06:05:00','2023-05-22 09:24:03','2023-05-22 09:24:03',44),(717,'0001','AAA','2022-02-01','09:00:00','06:00:00','2023-05-22 09:24:03','2023-05-22 09:24:03',44),(718,'0002','BBB','2022-02-01','09:04:00','06:00:00','2023-05-22 09:24:03','2023-05-22 09:24:03',44),(719,'0003','CCC','2022-02-01','09:00:00','07:00:00','2023-05-22 09:24:03','2023-05-22 09:24:03',44),(720,'0004','DDD','2022-02-01','09:01:00','06:00:00','2023-05-22 09:24:03','2023-05-22 09:24:03',44),(721,'0005','FFF','2022-02-01','09:00:00','06:05:00','2023-05-22 09:24:03','2023-05-22 09:24:03',44),(722,'0001','AAA','2022-03-01','09:00:00','06:00:00','2023-05-22 09:24:03','2023-05-22 09:24:03',44),(723,'0002','BBB','2022-03-01','09:04:00','06:00:00','2023-05-22 09:24:03','2023-05-22 09:24:03',44),(724,'0003','CCC','2022-03-01','09:00:00','07:00:00','2023-05-22 09:24:03','2023-05-22 09:24:03',44),(725,'0004','DDD','2022-03-01','09:01:00','06:00:00','2023-05-22 09:24:03','2023-05-22 09:24:03',44),(726,'0005','FFF','2022-03-01','09:00:00','06:05:00','2023-05-22 09:24:03','2023-05-22 09:24:03',44),(727,'0001','AAA','2022-01-01','09:00:00','06:00:00','2023-05-22 09:25:17','2023-05-22 09:25:17',45),(728,'0002','BBB','2022-01-01','09:04:00','06:00:00','2023-05-22 09:25:17','2023-05-22 09:25:17',45),(729,'0003','CCC','2022-01-01','09:00:00','07:00:00','2023-05-22 09:25:17','2023-05-22 09:25:17',45),(730,'0004','DDD','2022-01-01','09:01:00','06:00:00','2023-05-22 09:25:17','2023-05-22 09:25:17',45),(731,'0005','FFF','2022-01-01','09:00:00','06:05:00','2023-05-22 09:25:17','2023-05-22 09:25:17',45),(732,'0001','AAA','2022-02-01','09:00:00','06:00:00','2023-05-22 09:25:17','2023-05-22 09:25:17',45),(733,'0002','BBB','2022-02-01','09:04:00','06:00:00','2023-05-22 09:25:17','2023-05-22 09:25:17',45),(734,'0003','CCC','2022-02-01','09:00:00','07:00:00','2023-05-22 09:25:17','2023-05-22 09:25:17',45),(735,'0004','DDD','2022-02-01','09:01:00','06:00:00','2023-05-22 09:25:17','2023-05-22 09:25:17',45),(736,'0005','FFF','2022-02-01','09:00:00','06:05:00','2023-05-22 09:25:17','2023-05-22 09:25:17',45),(737,'0001','AAA','2022-03-01','09:00:00','06:00:00','2023-05-22 09:25:17','2023-05-22 09:25:17',45),(738,'0002','BBB','2022-03-01','09:04:00','06:00:00','2023-05-22 09:25:17','2023-05-22 09:25:17',45),(739,'0003','CCC','2022-03-01','09:00:00','07:00:00','2023-05-22 09:25:17','2023-05-22 09:25:17',45),(740,'0004','DDD','2022-03-01','09:01:00','06:00:00','2023-05-22 09:25:17','2023-05-22 09:25:17',45),(741,'0005','FFF','2022-03-01','09:00:00','06:05:00','2023-05-22 09:25:17','2023-05-22 09:25:17',45),(742,'0001','AAA','2022-01-01','09:00:00','06:00:00','2023-05-22 09:26:24','2023-05-22 09:26:24',46),(743,'0002','BBB','2022-01-01','09:04:00','06:00:00','2023-05-22 09:26:24','2023-05-22 09:26:24',46),(744,'0003','CCC','2022-01-01','09:00:00','07:00:00','2023-05-22 09:26:24','2023-05-22 09:26:24',46),(745,'0004','DDD','2022-01-01','09:01:00','06:00:00','2023-05-22 09:26:24','2023-05-22 09:26:24',46),(746,'0005','FFF','2022-01-01','09:00:00','06:05:00','2023-05-22 09:26:24','2023-05-22 09:26:24',46),(747,'0001','AAA','2022-02-01','09:00:00','06:00:00','2023-05-22 09:26:24','2023-05-22 09:26:24',46),(748,'0002','BBB','2022-02-01','09:04:00','06:00:00','2023-05-22 09:26:24','2023-05-22 09:26:24',46),(749,'0003','CCC','2022-02-01','09:00:00','07:00:00','2023-05-22 09:26:24','2023-05-22 09:26:24',46),(750,'0004','DDD','2022-02-01','09:01:00','06:00:00','2023-05-22 09:26:24','2023-05-22 09:26:24',46),(751,'0005','FFF','2022-02-01','09:00:00','06:05:00','2023-05-22 09:26:24','2023-05-22 09:26:24',46),(752,'0001','AAA','2022-03-01','09:00:00','06:00:00','2023-05-22 09:26:24','2023-05-22 09:26:24',46),(753,'0002','BBB','2022-03-01','09:04:00','06:00:00','2023-05-22 09:26:24','2023-05-22 09:26:24',46),(754,'0003','CCC','2022-03-01','09:00:00','07:00:00','2023-05-22 09:26:24','2023-05-22 09:26:24',46),(755,'0004','DDD','2022-03-01','09:01:00','06:00:00','2023-05-22 09:26:24','2023-05-22 09:26:24',46),(756,'0005','FFF','2022-03-01','09:00:00','06:05:00','2023-05-22 09:26:24','2023-05-22 09:26:24',46),(757,'0001','AAA','2022-01-01','09:00:00','06:00:00','2023-05-22 09:27:43','2023-05-22 09:27:43',47),(758,'0002','BBB','2022-01-01','09:04:00','06:00:00','2023-05-22 09:27:43','2023-05-22 09:27:43',47),(759,'0003','CCC','2022-01-01','09:00:00','07:00:00','2023-05-22 09:27:43','2023-05-22 09:27:43',47),(760,'0004','DDD','2022-01-01','09:01:00','06:00:00','2023-05-22 09:27:43','2023-05-22 09:27:43',47),(761,'0005','FFF','2022-01-01','09:00:00','06:05:00','2023-05-22 09:27:43','2023-05-22 09:27:43',47),(762,'0001','AAA','2022-02-01','09:00:00','06:00:00','2023-05-22 09:27:43','2023-05-22 09:27:43',47),(763,'0002','BBB','2022-02-01','09:04:00','06:00:00','2023-05-22 09:27:43','2023-05-22 09:27:43',47),(764,'0003','CCC','2022-02-01','09:00:00','07:00:00','2023-05-22 09:27:43','2023-05-22 09:27:43',47),(765,'0004','DDD','2022-02-01','09:01:00','06:00:00','2023-05-22 09:27:43','2023-05-22 09:27:43',47),(766,'0005','FFF','2022-02-01','09:00:00','06:05:00','2023-05-22 09:27:43','2023-05-22 09:27:43',47),(767,'0001','AAA','2022-03-01','09:00:00','06:00:00','2023-05-22 09:27:43','2023-05-22 09:27:43',47),(768,'0002','BBB','2022-03-01','09:04:00','06:00:00','2023-05-22 09:27:43','2023-05-22 09:27:43',47),(769,'0003','CCC','2022-03-01','09:00:00','07:00:00','2023-05-22 09:27:43','2023-05-22 09:27:43',47),(770,'0004','DDD','2022-03-01','09:01:00','06:00:00','2023-05-22 09:27:43','2023-05-22 09:27:43',47),(771,'0005','FFF','2022-03-01','09:00:00','06:05:00','2023-05-22 09:27:43','2023-05-22 09:27:43',47),(772,'0001','AAA','2022-01-01','09:00:00','06:00:00','2023-05-22 09:46:15','2023-05-22 09:46:15',48),(773,'0002','BBB','2022-01-01','09:04:00','06:00:00','2023-05-22 09:46:15','2023-05-22 09:46:15',48),(774,'0003','CCC','2022-01-01','09:00:00','07:00:00','2023-05-22 09:46:15','2023-05-22 09:46:15',48),(775,'0004','DDD','2022-01-01','09:01:00','06:00:00','2023-05-22 09:46:15','2023-05-22 09:46:15',48),(776,'0005','FFF','2022-01-01','09:00:00','06:05:00','2023-05-22 09:46:15','2023-05-22 09:46:15',48),(777,'0001','AAA','2022-02-01','09:00:00','06:00:00','2023-05-22 09:46:15','2023-05-22 09:46:15',48),(778,'0002','BBB','2022-02-01','09:04:00','06:00:00','2023-05-22 09:46:15','2023-05-22 09:46:15',48),(779,'0003','CCC','2022-02-01','09:00:00','07:00:00','2023-05-22 09:46:16','2023-05-22 09:46:16',48),(780,'0004','DDD','2022-02-01','09:01:00','06:00:00','2023-05-22 09:46:16','2023-05-22 09:46:16',48),(781,'0005','FFF','2022-02-01','09:00:00','06:05:00','2023-05-22 09:46:16','2023-05-22 09:46:16',48),(782,'0001','AAA','2022-03-01','09:00:00','06:00:00','2023-05-22 09:46:16','2023-05-22 09:46:16',48),(783,'0002','BBB','2022-03-01','09:04:00','06:00:00','2023-05-22 09:46:16','2023-05-22 09:46:16',48),(784,'0003','CCC','2022-03-01','09:00:00','07:00:00','2023-05-22 09:46:16','2023-05-22 09:46:16',48),(785,'0004','DDD','2022-03-01','09:01:00','06:00:00','2023-05-22 09:46:16','2023-05-22 09:46:16',48),(786,'0005','FFF','2022-03-01','09:00:00','06:05:00','2023-05-22 09:46:16','2023-05-22 09:46:16',48),(787,'0001','AAA','2022-01-01','09:00:00','06:00:00','2023-05-22 09:48:59','2023-05-22 09:48:59',49),(788,'0002','BBB','2022-01-01','09:04:00','06:00:00','2023-05-22 09:48:59','2023-05-22 09:48:59',49),(789,'0003','CCC','2022-01-01','09:00:00','07:00:00','2023-05-22 09:48:59','2023-05-22 09:48:59',49),(790,'0004','DDD','2022-01-01','09:01:00','06:00:00','2023-05-22 09:48:59','2023-05-22 09:48:59',49),(791,'0005','FFF','2022-01-01','09:00:00','06:05:00','2023-05-22 09:48:59','2023-05-22 09:48:59',49),(792,'0001','AAA','2022-02-01','09:00:00','06:00:00','2023-05-22 09:48:59','2023-05-22 09:48:59',49),(793,'0002','BBB','2022-02-01','09:04:00','06:00:00','2023-05-22 09:48:59','2023-05-22 09:48:59',49),(794,'0003','CCC','2022-02-01','09:00:00','07:00:00','2023-05-22 09:48:59','2023-05-22 09:48:59',49),(795,'0004','DDD','2022-02-01','09:01:00','06:00:00','2023-05-22 09:48:59','2023-05-22 09:48:59',49),(796,'0005','FFF','2022-02-01','09:00:00','06:05:00','2023-05-22 09:48:59','2023-05-22 09:48:59',49),(797,'0001','AAA','2022-03-01','09:00:00','06:00:00','2023-05-22 09:48:59','2023-05-22 09:48:59',49),(798,'0002','BBB','2022-03-01','09:04:00','06:00:00','2023-05-22 09:48:59','2023-05-22 09:48:59',49),(799,'0003','CCC','2022-03-01','09:00:00','07:00:00','2023-05-22 09:48:59','2023-05-22 09:48:59',49),(800,'0004','DDD','2022-03-01','09:01:00','06:00:00','2023-05-22 09:48:59','2023-05-22 09:48:59',49),(801,'0005','FFF','2022-03-01','09:00:00','06:05:00','2023-05-22 09:48:59','2023-05-22 09:48:59',49),(802,'0001','AAA','2022-01-01','09:00:00','06:00:00','2023-05-22 09:50:22','2023-05-22 09:50:22',50),(803,'0002','BBB','2022-01-01','09:04:00','06:00:00','2023-05-22 09:50:22','2023-05-22 09:50:22',50),(804,'0003','CCC','2022-01-01','09:00:00','07:00:00','2023-05-22 09:50:22','2023-05-22 09:50:22',50),(805,'0004','DDD','2022-01-01','09:01:00','06:00:00','2023-05-22 09:50:22','2023-05-22 09:50:22',50),(806,'0005','FFF','2022-01-01','09:00:00','06:05:00','2023-05-22 09:50:22','2023-05-22 09:50:22',50),(807,'0001','AAA','2022-02-01','09:00:00','06:00:00','2023-05-22 09:50:22','2023-05-22 09:50:22',50),(808,'0002','BBB','2022-02-01','09:04:00','06:00:00','2023-05-22 09:50:22','2023-05-22 09:50:22',50),(809,'0003','CCC','2022-02-01','09:00:00','07:00:00','2023-05-22 09:50:22','2023-05-22 09:50:22',50),(810,'0004','DDD','2022-02-01','09:01:00','06:00:00','2023-05-22 09:50:22','2023-05-22 09:50:22',50),(811,'0005','FFF','2022-02-01','09:00:00','06:05:00','2023-05-22 09:50:22','2023-05-22 09:50:22',50),(812,'0001','AAA','2022-03-01','09:00:00','06:00:00','2023-05-22 09:50:22','2023-05-22 09:50:22',50),(813,'0002','BBB','2022-03-01','09:04:00','06:00:00','2023-05-22 09:50:22','2023-05-22 09:50:22',50),(814,'0003','CCC','2022-03-01','09:00:00','07:00:00','2023-05-22 09:50:22','2023-05-22 09:50:22',50),(815,'0004','DDD','2022-03-01','09:01:00','06:00:00','2023-05-22 09:50:22','2023-05-22 09:50:22',50),(816,'0005','FFF','2022-03-01','09:00:00','06:05:00','2023-05-22 09:50:22','2023-05-22 09:50:22',50),(817,'0001','AAA','2022-01-01','09:00:00','06:00:00','2023-05-22 09:53:44','2023-05-22 09:53:44',51),(818,'0002','BBB','2022-01-01','09:04:00','06:00:00','2023-05-22 09:53:44','2023-05-22 09:53:44',51),(819,'0003','CCC','2022-01-01','09:00:00','07:00:00','2023-05-22 09:53:44','2023-05-22 09:53:44',51),(820,'0004','DDD','2022-01-01','09:01:00','06:00:00','2023-05-22 09:53:44','2023-05-22 09:53:44',51),(821,'0005','FFF','2022-01-01','09:00:00','06:05:00','2023-05-22 09:53:44','2023-05-22 09:53:44',51),(822,'0001','AAA','2022-02-01','09:00:00','06:00:00','2023-05-22 09:53:44','2023-05-22 09:53:44',51),(823,'0002','BBB','2022-02-01','09:04:00','06:00:00','2023-05-22 09:53:44','2023-05-22 09:53:44',51),(824,'0003','CCC','2022-02-01','09:00:00','07:00:00','2023-05-22 09:53:44','2023-05-22 09:53:44',51),(825,'0004','DDD','2022-02-01','09:01:00','06:00:00','2023-05-22 09:53:44','2023-05-22 09:53:44',51),(826,'0005','FFF','2022-02-01','09:00:00','06:05:00','2023-05-22 09:53:44','2023-05-22 09:53:44',51),(827,'0001','AAA','2022-03-01','09:00:00','06:00:00','2023-05-22 09:53:44','2023-05-22 09:53:44',51),(828,'0002','BBB','2022-03-01','09:04:00','06:00:00','2023-05-22 09:53:44','2023-05-22 09:53:44',51),(829,'0003','CCC','2022-03-01','09:00:00','07:00:00','2023-05-22 09:53:44','2023-05-22 09:53:44',51),(830,'0004','DDD','2022-03-01','09:01:00','06:00:00','2023-05-22 09:53:44','2023-05-22 09:53:44',51),(831,'0005','FFF','2022-03-01','09:00:00','06:05:00','2023-05-22 09:53:45','2023-05-22 09:53:45',51),(832,'0001','AAA','2022-01-01','09:00:00','06:00:00','2023-05-22 09:54:28','2023-05-22 09:54:28',52),(833,'0002','BBB','2022-01-01','09:04:00','06:00:00','2023-05-22 09:54:28','2023-05-22 09:54:28',52),(834,'0003','CCC','2022-01-01','09:00:00','07:00:00','2023-05-22 09:54:28','2023-05-22 09:54:28',52),(835,'0004','DDD','2022-01-01','09:01:00','06:00:00','2023-05-22 09:54:28','2023-05-22 09:54:28',52),(836,'0005','FFF','2022-01-01','09:00:00','06:05:00','2023-05-22 09:54:28','2023-05-22 09:54:28',52),(837,'0001','AAA','2022-02-01','09:00:00','06:00:00','2023-05-22 09:54:28','2023-05-22 09:54:28',52),(838,'0002','BBB','2022-02-01','09:04:00','06:00:00','2023-05-22 09:54:28','2023-05-22 09:54:28',52),(839,'0003','CCC','2022-02-01','09:00:00','07:00:00','2023-05-22 09:54:28','2023-05-22 09:54:28',52),(840,'0004','DDD','2022-02-01','09:01:00','06:00:00','2023-05-22 09:54:28','2023-05-22 09:54:28',52),(841,'0005','FFF','2022-02-01','09:00:00','06:05:00','2023-05-22 09:54:28','2023-05-22 09:54:28',52),(842,'0001','AAA','2022-03-01','09:00:00','06:00:00','2023-05-22 09:54:28','2023-05-22 09:54:28',52),(843,'0002','BBB','2022-03-01','09:04:00','06:00:00','2023-05-22 09:54:28','2023-05-22 09:54:28',52),(844,'0003','CCC','2022-03-01','09:00:00','07:00:00','2023-05-22 09:54:28','2023-05-22 09:54:28',52),(845,'0004','DDD','2022-03-01','09:01:00','06:00:00','2023-05-22 09:54:28','2023-05-22 09:54:28',52),(846,'0005','FFF','2022-03-01','09:00:00','06:05:00','2023-05-22 09:54:28','2023-05-22 09:54:28',52),(847,'0001','AAA','2022-01-01','09:00:00','06:00:00','2023-05-22 09:56:36','2023-05-22 09:56:36',53),(848,'0002','BBB','2022-01-01','09:04:00','06:00:00','2023-05-22 09:56:36','2023-05-22 09:56:36',53),(849,'0003','CCC','2022-01-01','09:00:00','07:00:00','2023-05-22 09:56:36','2023-05-22 09:56:36',53),(850,'0004','DDD','2022-01-01','09:01:00','06:00:00','2023-05-22 09:56:36','2023-05-22 09:56:36',53),(851,'0005','FFF','2022-01-01','09:00:00','06:05:00','2023-05-22 09:56:36','2023-05-22 09:56:36',53),(852,'0001','AAA','2022-02-01','09:00:00','06:00:00','2023-05-22 09:56:36','2023-05-22 09:56:36',53),(853,'0002','BBB','2022-02-01','09:04:00','06:00:00','2023-05-22 09:56:36','2023-05-22 09:56:36',53),(854,'0003','CCC','2022-02-01','09:00:00','07:00:00','2023-05-22 09:56:36','2023-05-22 09:56:36',53),(855,'0004','DDD','2022-02-01','09:01:00','06:00:00','2023-05-22 09:56:36','2023-05-22 09:56:36',53),(856,'0005','FFF','2022-02-01','09:00:00','06:05:00','2023-05-22 09:56:36','2023-05-22 09:56:36',53),(857,'0001','AAA','2022-03-01','09:00:00','06:00:00','2023-05-22 09:56:36','2023-05-22 09:56:36',53),(858,'0002','BBB','2022-03-01','09:04:00','06:00:00','2023-05-22 09:56:36','2023-05-22 09:56:36',53),(859,'0003','CCC','2022-03-01','09:00:00','07:00:00','2023-05-22 09:56:36','2023-05-22 09:56:36',53),(860,'0004','DDD','2022-03-01','09:01:00','06:00:00','2023-05-22 09:56:36','2023-05-22 09:56:36',53),(861,'0005','FFF','2022-03-01','09:00:00','06:05:00','2023-05-22 09:56:36','2023-05-22 09:56:36',53),(862,'0001','AAA','2022-01-01','09:00:00','06:00:00','2023-05-22 09:57:27','2023-05-22 09:57:27',54),(863,'0002','BBB','2022-01-01','09:04:00','06:00:00','2023-05-22 09:57:27','2023-05-22 09:57:27',54),(864,'0003','CCC','2022-01-01','09:00:00','07:00:00','2023-05-22 09:57:27','2023-05-22 09:57:27',54),(865,'0004','DDD','2022-01-01','09:01:00','06:00:00','2023-05-22 09:57:27','2023-05-22 09:57:27',54),(866,'0005','FFF','2022-01-01','09:00:00','06:05:00','2023-05-22 09:57:27','2023-05-22 09:57:27',54),(867,'0001','AAA','2022-02-01','09:00:00','06:00:00','2023-05-22 09:57:27','2023-05-22 09:57:27',54),(868,'0002','BBB','2022-02-01','09:04:00','06:00:00','2023-05-22 09:57:27','2023-05-22 09:57:27',54),(869,'0003','CCC','2022-02-01','09:00:00','07:00:00','2023-05-22 09:57:27','2023-05-22 09:57:27',54),(870,'0004','DDD','2022-02-01','09:01:00','06:00:00','2023-05-22 09:57:27','2023-05-22 09:57:27',54),(871,'0005','FFF','2022-02-01','09:00:00','06:05:00','2023-05-22 09:57:27','2023-05-22 09:57:27',54),(872,'0001','AAA','2022-03-01','09:00:00','06:00:00','2023-05-22 09:57:27','2023-05-22 09:57:27',54),(873,'0002','BBB','2022-03-01','09:04:00','06:00:00','2023-05-22 09:57:27','2023-05-22 09:57:27',54),(874,'0003','CCC','2022-03-01','09:00:00','07:00:00','2023-05-22 09:57:27','2023-05-22 09:57:27',54),(875,'0004','DDD','2022-03-01','09:01:00','06:00:00','2023-05-22 09:57:27','2023-05-22 09:57:27',54),(876,'0005','FFF','2022-03-01','09:00:00','06:05:00','2023-05-22 09:57:27','2023-05-22 09:57:27',54),(877,'0001','AAA','2022-01-01','09:00:00','06:00:00','2023-05-22 09:59:34','2023-05-22 09:59:34',55),(878,'0002','BBB','2022-01-01','09:04:00','06:00:00','2023-05-22 09:59:34','2023-05-22 09:59:34',55),(879,'0003','CCC','2022-01-01','09:00:00','07:00:00','2023-05-22 09:59:34','2023-05-22 09:59:34',55),(880,'0004','DDD','2022-01-01','09:01:00','06:00:00','2023-05-22 09:59:34','2023-05-22 09:59:34',55),(881,'0005','FFF','2022-01-01','09:00:00','06:05:00','2023-05-22 09:59:34','2023-05-22 09:59:34',55),(882,'0001','AAA','2022-02-01','09:00:00','06:00:00','2023-05-22 09:59:34','2023-05-22 09:59:34',55),(883,'0002','BBB','2022-02-01','09:04:00','06:00:00','2023-05-22 09:59:34','2023-05-22 09:59:34',55),(884,'0003','CCC','2022-02-01','09:00:00','07:00:00','2023-05-22 09:59:34','2023-05-22 09:59:34',55),(885,'0004','DDD','2022-02-01','09:01:00','06:00:00','2023-05-22 09:59:34','2023-05-22 09:59:34',55),(886,'0005','FFF','2022-02-01','09:00:00','06:05:00','2023-05-22 09:59:34','2023-05-22 09:59:34',55),(887,'0001','AAA','2022-03-01','09:00:00','06:00:00','2023-05-22 09:59:34','2023-05-22 09:59:34',55),(888,'0002','BBB','2022-03-01','09:04:00','06:00:00','2023-05-22 09:59:34','2023-05-22 09:59:34',55),(889,'0003','CCC','2022-03-01','09:00:00','07:00:00','2023-05-22 09:59:34','2023-05-22 09:59:34',55),(890,'0004','DDD','2022-03-01','09:01:00','06:00:00','2023-05-22 09:59:34','2023-05-22 09:59:34',55),(891,'0005','FFF','2022-03-01','09:00:00','06:05:00','2023-05-22 09:59:34','2023-05-22 09:59:34',55),(892,'0001','AAA','2022-01-01','09:00:00','06:00:00','2023-05-22 10:05:24','2023-05-22 10:05:24',56),(893,'0002','BBB','2022-01-01','09:04:00','06:00:00','2023-05-22 10:05:24','2023-05-22 10:05:24',56),(894,'0003','CCC','2022-01-01','09:00:00','07:00:00','2023-05-22 10:05:24','2023-05-22 10:05:24',56),(895,'0004','DDD','2022-01-01','09:01:00','06:00:00','2023-05-22 10:05:24','2023-05-22 10:05:24',56),(896,'0005','FFF','2022-01-01','09:00:00','06:05:00','2023-05-22 10:05:24','2023-05-22 10:05:24',56),(897,'0001','AAA','2022-02-01','09:00:00','06:00:00','2023-05-22 10:05:24','2023-05-22 10:05:24',56),(898,'0002','BBB','2022-02-01','09:04:00','06:00:00','2023-05-22 10:05:24','2023-05-22 10:05:24',56),(899,'0003','CCC','2022-02-01','09:00:00','07:00:00','2023-05-22 10:05:24','2023-05-22 10:05:24',56),(900,'0004','DDD','2022-02-01','09:01:00','06:00:00','2023-05-22 10:05:24','2023-05-22 10:05:24',56),(901,'0005','FFF','2022-02-01','09:00:00','06:05:00','2023-05-22 10:05:24','2023-05-22 10:05:24',56),(902,'0001','AAA','2022-03-01','09:00:00','06:00:00','2023-05-22 10:05:24','2023-05-22 10:05:24',56),(903,'0002','BBB','2022-03-01','09:04:00','06:00:00','2023-05-22 10:05:24','2023-05-22 10:05:24',56),(904,'0003','CCC','2022-03-01','09:00:00','07:00:00','2023-05-22 10:05:24','2023-05-22 10:05:24',56),(905,'0004','DDD','2022-03-01','09:01:00','06:00:00','2023-05-22 10:05:24','2023-05-22 10:05:24',56),(906,'0005','FFF','2022-03-01','09:00:00','06:05:00','2023-05-22 10:05:24','2023-05-22 10:05:24',56),(907,'0000','AAA','2000-01-01','12:00:00','24:00:00','2023-05-22 10:05:28','2023-05-22 10:05:28',56),(908,'0001','AAA','2022-01-01','09:00:00','06:00:00','2023-05-22 10:08:14','2023-05-22 10:08:14',57),(909,'0002','BBB','2022-01-01','09:04:00','06:00:00','2023-05-22 10:08:14','2023-05-22 10:08:14',57),(910,'0003','CCC','2022-01-01','09:00:00','07:00:00','2023-05-22 10:08:14','2023-05-22 10:08:14',57),(911,'0004','DDD','2022-01-01','09:01:00','06:00:00','2023-05-22 10:08:14','2023-05-22 10:08:14',57),(912,'0005','FFF','2022-01-01','09:00:00','06:05:00','2023-05-22 10:08:14','2023-05-22 10:08:14',57),(913,'0001','AAA','2022-02-01','09:00:00','06:00:00','2023-05-22 10:08:14','2023-05-22 10:08:14',57),(914,'0002','BBB','2022-02-01','09:04:00','06:00:00','2023-05-22 10:08:14','2023-05-22 10:08:14',57),(915,'0003','CCC','2022-02-01','09:00:00','07:00:00','2023-05-22 10:08:14','2023-05-22 10:08:14',57),(916,'0004','DDD','2022-02-01','09:01:00','06:00:00','2023-05-22 10:08:14','2023-05-22 10:08:14',57),(917,'0005','FFF','2022-02-01','09:00:00','06:05:00','2023-05-22 10:08:14','2023-05-22 10:08:14',57),(918,'0001','AAA','2022-03-01','09:00:00','06:00:00','2023-05-22 10:08:14','2023-05-22 10:08:14',57),(919,'0002','BBB','2022-03-01','09:04:00','06:00:00','2023-05-22 10:08:14','2023-05-22 10:08:14',57),(920,'0003','CCC','2022-03-01','09:00:00','07:00:00','2023-05-22 10:08:14','2023-05-22 10:08:14',57),(921,'0004','DDD','2022-03-01','09:01:00','06:00:00','2023-05-22 10:08:14','2023-05-22 10:08:14',57),(922,'0005','FFF','2022-03-01','09:00:00','06:05:00','2023-05-22 10:08:14','2023-05-22 10:08:14',57),(923,'0000','AAA','2000-01-01','12:00:00','24:00:00','2023-05-22 10:08:18','2023-05-22 10:08:18',57),(924,'0001','AAA','2022-01-01','09:00:00','06:00:00','2023-05-22 10:08:45','2023-05-22 10:08:45',58),(925,'0002','BBB','2022-01-01','09:04:00','06:00:00','2023-05-22 10:08:45','2023-05-22 10:08:45',58),(926,'0003','CCC','2022-01-01','09:00:00','07:00:00','2023-05-22 10:08:45','2023-05-22 10:08:45',58),(927,'0004','DDD','2022-01-01','09:01:00','06:00:00','2023-05-22 10:08:45','2023-05-22 10:08:45',58),(928,'0005','FFF','2022-01-01','09:00:00','06:05:00','2023-05-22 10:08:45','2023-05-22 10:08:45',58),(929,'0001','AAA','2022-02-01','09:00:00','06:00:00','2023-05-22 10:08:45','2023-05-22 10:08:45',58),(930,'0002','BBB','2022-02-01','09:04:00','06:00:00','2023-05-22 10:08:45','2023-05-22 10:08:45',58),(931,'0003','CCC','2022-02-01','09:00:00','07:00:00','2023-05-22 10:08:45','2023-05-22 10:08:45',58),(932,'0004','DDD','2022-02-01','09:01:00','06:00:00','2023-05-22 10:08:45','2023-05-22 10:08:45',58),(933,'0005','FFF','2022-02-01','09:00:00','06:05:00','2023-05-22 10:08:45','2023-05-22 10:08:45',58),(934,'0001','AAA','2022-03-01','09:00:00','06:00:00','2023-05-22 10:08:45','2023-05-22 10:08:45',58),(935,'0002','BBB','2022-03-01','09:04:00','06:00:00','2023-05-22 10:08:45','2023-05-22 10:08:45',58),(936,'0003','CCC','2022-03-01','09:00:00','07:00:00','2023-05-22 10:08:45','2023-05-22 10:08:45',58),(937,'0004','DDD','2022-03-01','09:01:00','06:00:00','2023-05-22 10:08:45','2023-05-22 10:08:45',58),(938,'0005','FFF','2022-03-01','09:00:00','06:05:00','2023-05-22 10:08:45','2023-05-22 10:08:45',58),(939,'0000','AAA','2000-01-01','12:00:00','24:00:00','2023-05-22 10:08:48','2023-05-22 10:08:48',58),(940,'0000','AAA','2000-01-01','12:00:00','24:00:00','2023-05-22 10:08:55','2023-05-22 10:08:55',58),(941,'0000','AAA','2000-01-01','12:00:00','24:00:00','2023-05-22 10:08:57','2023-05-22 10:08:57',58),(942,'0000','AAA','2000-01-01','12:00:00','24:00:00','2023-05-22 10:09:10','2023-05-22 10:09:10',58),(943,'0001','AAA','2022-01-01','09:00:00','06:00:00','2023-05-22 10:10:41','2023-05-22 10:10:41',59),(944,'0002','BBB','2022-01-01','09:04:00','06:00:00','2023-05-22 10:10:41','2023-05-22 10:10:41',59),(945,'0003','CCC','2022-01-01','09:00:00','07:00:00','2023-05-22 10:10:41','2023-05-22 10:10:41',59),(946,'0004','DDD','2022-01-01','09:01:00','06:00:00','2023-05-22 10:10:41','2023-05-22 10:10:41',59),(947,'0005','FFF','2022-01-01','09:00:00','06:05:00','2023-05-22 10:10:41','2023-05-22 10:10:41',59),(948,'0001','AAA','2022-02-01','09:00:00','06:00:00','2023-05-22 10:10:41','2023-05-22 10:10:41',59),(949,'0002','BBB','2022-02-01','09:04:00','06:00:00','2023-05-22 10:10:41','2023-05-22 10:10:41',59),(950,'0003','CCC','2022-02-01','09:00:00','07:00:00','2023-05-22 10:10:41','2023-05-22 10:10:41',59),(951,'0004','DDD','2022-02-01','09:01:00','06:00:00','2023-05-22 10:10:41','2023-05-22 10:10:41',59),(952,'0005','FFF','2022-02-01','09:00:00','06:05:00','2023-05-22 10:10:41','2023-05-22 10:10:41',59),(953,'0001','AAA','2022-03-01','09:00:00','06:00:00','2023-05-22 10:10:41','2023-05-22 10:10:41',59),(954,'0002','BBB','2022-03-01','09:04:00','06:00:00','2023-05-22 10:10:41','2023-05-22 10:10:41',59),(955,'0003','CCC','2022-03-01','09:00:00','07:00:00','2023-05-22 10:10:41','2023-05-22 10:10:41',59),(956,'0004','DDD','2022-03-01','09:01:00','06:00:00','2023-05-22 10:10:41','2023-05-22 10:10:41',59),(957,'0005','FFF','2022-03-01','09:00:00','06:05:00','2023-05-22 10:10:41','2023-05-22 10:10:41',59),(958,'0000','AAA','2000-01-01','12:00:00','24:00:00','2023-05-22 10:10:44','2023-05-22 10:10:44',59),(959,'0101','AAA','2000-01-01','12:00:00','24:00:00','2023-05-22 10:11:00','2023-05-22 10:11:00',59),(960,'0101','sads','2000-01-01','12:00:00','24:00:00','2023-05-22 10:11:25','2023-05-22 10:11:25',59),(961,'0001','AAA','2022-01-01','09:00:00','06:00:00','2023-05-22 10:12:37','2023-05-22 10:12:37',60),(962,'0002','BBB','2022-01-01','09:04:00','06:00:00','2023-05-22 10:12:37','2023-05-22 10:12:37',60),(963,'0003','CCC','2022-01-01','09:00:00','07:00:00','2023-05-22 10:12:37','2023-05-22 10:12:37',60),(964,'0004','DDD','2022-01-01','09:01:00','06:00:00','2023-05-22 10:12:37','2023-05-22 10:12:37',60),(965,'0005','FFF','2022-01-01','09:00:00','06:05:00','2023-05-22 10:12:37','2023-05-22 10:12:37',60),(966,'0001','AAA','2022-02-01','09:00:00','06:00:00','2023-05-22 10:12:37','2023-05-22 10:12:37',60),(967,'0002','BBB','2022-02-01','09:04:00','06:00:00','2023-05-22 10:12:37','2023-05-22 10:12:37',60),(968,'0003','CCC','2022-02-01','09:00:00','07:00:00','2023-05-22 10:12:37','2023-05-22 10:12:37',60),(969,'0004','DDD','2022-02-01','09:01:00','06:00:00','2023-05-22 10:12:37','2023-05-22 10:12:37',60),(970,'0005','FFF','2022-02-01','09:00:00','06:05:00','2023-05-22 10:12:37','2023-05-22 10:12:37',60),(971,'0001','AAA','2022-03-01','09:00:00','06:00:00','2023-05-22 10:12:37','2023-05-22 10:12:37',60),(972,'0002','BBB','2022-03-01','09:04:00','06:00:00','2023-05-22 10:12:37','2023-05-22 10:12:37',60),(973,'0003','CCC','2022-03-01','09:00:00','07:00:00','2023-05-22 10:12:37','2023-05-22 10:12:37',60),(974,'0004','DDD','2022-03-01','09:01:00','06:00:00','2023-05-22 10:12:37','2023-05-22 10:12:37',60),(975,'0005','FFF','2022-03-01','09:00:00','06:05:00','2023-05-22 10:12:37','2023-05-22 10:12:37',60),(976,'0121','AAA','2000-01-01','12:00:00','24:00:00','2023-05-22 10:12:45','2023-05-22 10:12:45',60),(977,'9999','AAA','2000-01-01','12:00:00','24:00:00','2023-05-22 10:13:02','2023-05-22 10:13:02',60),(978,'0000','AAA','2000-01-01','12:00:00','24:00:00','2023-05-22 10:24:13','2023-05-22 10:24:13',60),(979,'0000','AAA','2000-01-01','12:00:00','24:00:00','2023-05-22 10:25:28','2023-05-22 10:25:28',60),(980,'0000','AAA','2000-01-01','12:00:00','24:00:00','2023-05-22 10:26:22','2023-05-22 10:26:22',60),(981,'0000','AAA','2000-01-01','12:00:00','24:00:00','2023-05-22 10:26:47','2023-05-22 10:26:47',60),(982,'0000','AAA','2000-01-01','12:00:00','24:00:00','2023-05-22 10:27:20','2023-05-22 10:27:20',60),(983,'0001','AAA','2022-01-01','09:00:00','06:00:00','2023-05-22 10:33:18','2023-05-22 10:33:18',61),(984,'0002','BBB','2022-01-01','09:04:00','06:00:00','2023-05-22 10:33:18','2023-05-22 10:33:18',61),(985,'0003','CCC','2022-01-01','09:00:00','07:00:00','2023-05-22 10:33:18','2023-05-22 10:33:18',61),(986,'0004','DDD','2022-01-01','09:01:00','06:00:00','2023-05-22 10:33:18','2023-05-22 10:33:18',61),(987,'0005','FFF','2022-01-01','09:00:00','06:05:00','2023-05-22 10:33:18','2023-05-22 10:33:18',61),(988,'0001','AAA','2022-02-01','09:00:00','06:00:00','2023-05-22 10:33:18','2023-05-22 10:33:18',61),(989,'0002','BBB','2022-02-01','09:04:00','06:00:00','2023-05-22 10:33:18','2023-05-22 10:33:18',61),(990,'0003','CCC','2022-02-01','09:00:00','07:00:00','2023-05-22 10:33:18','2023-05-22 10:33:18',61),(991,'0004','DDD','2022-02-01','09:01:00','06:00:00','2023-05-22 10:33:18','2023-05-22 10:33:18',61),(992,'0005','FFF','2022-02-01','09:00:00','06:05:00','2023-05-22 10:33:18','2023-05-22 10:33:18',61),(993,'0001','AAA','2022-03-01','09:00:00','06:00:00','2023-05-22 10:33:18','2023-05-22 10:33:18',61),(994,'0002','BBB','2022-03-01','09:04:00','06:00:00','2023-05-22 10:33:18','2023-05-22 10:33:18',61),(995,'0003','CCC','2022-03-01','09:00:00','07:00:00','2023-05-22 10:33:18','2023-05-22 10:33:18',61),(996,'0004','DDD','2022-03-01','09:01:00','06:00:00','2023-05-22 10:33:18','2023-05-22 10:33:18',61),(997,'0005','FFF','2022-03-01','09:00:00','06:05:00','2023-05-22 10:33:18','2023-05-22 10:33:18',61),(999,'0001','AAA','2022-01-01','09:00:00','06:00:00','2023-05-22 10:44:27','2023-05-22 10:44:27',62),(1000,'0002','BBB','2022-01-01','09:04:00','06:00:00','2023-05-22 10:44:27','2023-05-22 10:44:27',62),(1001,'0003','CCC','2022-01-01','09:00:00','07:00:00','2023-05-22 10:44:27','2023-05-22 10:44:27',62),(1002,'0004','DDD','2022-01-01','09:01:00','06:00:00','2023-05-22 10:44:27','2023-05-22 10:44:27',62),(1003,'0005','FFF','2022-01-01','09:00:00','06:05:00','2023-05-22 10:44:27','2023-05-22 10:44:27',62),(1004,'0001','AAA','2022-02-01','09:00:00','06:00:00','2023-05-22 10:44:27','2023-05-22 10:44:27',62),(1005,'0002','BBB','2022-02-01','09:04:00','06:00:00','2023-05-22 10:44:27','2023-05-22 10:44:27',62),(1006,'0003','CCC','2022-02-01','09:00:00','07:00:00','2023-05-22 10:44:27','2023-05-22 10:44:27',62),(1007,'0004','DDD','2022-02-01','09:01:00','06:00:00','2023-05-22 10:44:27','2023-05-22 10:44:27',62),(1008,'0005','FFF','2022-02-01','09:00:00','06:05:00','2023-05-22 10:44:27','2023-05-22 10:44:27',62),(1009,'0001','AAA','2022-03-01','09:00:00','06:00:00','2023-05-22 10:44:27','2023-05-22 10:44:27',62),(1010,'0002','BBB','2022-03-01','09:04:00','06:00:00','2023-05-22 10:44:27','2023-05-22 10:44:27',62),(1011,'0003','CCC','2022-03-01','09:00:00','07:00:00','2023-05-22 10:44:27','2023-05-22 10:44:27',62),(1012,'0004','DDD','2022-03-01','09:01:00','06:00:00','2023-05-22 10:44:27','2023-05-22 10:44:27',62),(1013,'0005','FFF','2022-03-01','09:00:00','06:05:00','2023-05-22 10:44:27','2023-05-22 10:44:27',62),(1014,'0001','AAA','2022-01-01','09:00:00','06:00:00','2023-05-22 10:45:19','2023-05-22 10:45:19',63),(1015,'0002','BBB','2022-01-01','09:04:00','06:00:00','2023-05-22 10:45:19','2023-05-22 10:45:19',63),(1016,'0003','CCC','2022-01-01','09:00:00','07:00:00','2023-05-22 10:45:19','2023-05-22 10:45:19',63),(1017,'0004','DDD','2022-01-01','09:01:00','06:00:00','2023-05-22 10:45:19','2023-05-22 10:45:19',63),(1018,'0005','FFF','2022-01-01','09:00:00','06:05:00','2023-05-22 10:45:19','2023-05-22 10:45:19',63),(1019,'0001','AAA','2022-02-01','09:00:00','06:00:00','2023-05-22 10:45:19','2023-05-22 10:45:19',63),(1020,'0002','BBB','2022-02-01','09:04:00','06:00:00','2023-05-22 10:45:19','2023-05-22 10:45:19',63),(1021,'0003','CCC','2022-02-01','09:00:00','07:00:00','2023-05-22 10:45:19','2023-05-22 10:45:19',63),(1022,'0004','DDD','2022-02-01','09:01:00','06:00:00','2023-05-22 10:45:19','2023-05-22 10:45:19',63),(1023,'0005','FFF','2022-02-01','09:00:00','06:05:00','2023-05-22 10:45:19','2023-05-22 10:45:19',63),(1024,'0001','AAA','2022-03-01','09:00:00','06:00:00','2023-05-22 10:45:19','2023-05-22 10:45:19',63),(1025,'0002','BBB','2022-03-01','09:04:00','06:00:00','2023-05-22 10:45:19','2023-05-22 10:45:19',63),(1026,'0003','CCC','2022-03-01','09:00:00','07:00:00','2023-05-22 10:45:19','2023-05-22 10:45:19',63),(1027,'0004','DDD','2022-03-01','09:01:00','06:00:00','2023-05-22 10:45:19','2023-05-22 10:45:19',63),(1028,'0005','FFF','2022-03-01','09:00:00','06:05:00','2023-05-22 10:45:19','2023-05-22 10:45:19',63),(1029,'0001','AAA','2022-01-01','09:00:00','06:00:00','2023-05-22 10:48:34','2023-05-22 10:48:34',64),(1030,'0002','BBB','2022-01-01','09:04:00','06:00:00','2023-05-22 10:48:34','2023-05-22 10:48:34',64),(1031,'0003','CCC','2022-01-01','09:00:00','07:00:00','2023-05-22 10:48:34','2023-05-22 10:48:34',64),(1032,'0004','DDD','2022-01-01','09:01:00','06:00:00','2023-05-22 10:48:34','2023-05-22 10:48:34',64),(1033,'0005','FFF','2022-01-01','09:00:00','06:05:00','2023-05-22 10:48:34','2023-05-22 10:48:34',64),(1034,'0001','AAA','2022-02-01','09:00:00','06:00:00','2023-05-22 10:48:34','2023-05-22 10:48:34',64),(1035,'0002','BBB','2022-02-01','09:04:00','06:00:00','2023-05-22 10:48:34','2023-05-22 10:48:34',64),(1036,'0003','CCC','2022-02-01','09:00:00','07:00:00','2023-05-22 10:48:34','2023-05-22 10:48:34',64),(1037,'0004','DDD','2022-02-01','09:01:00','06:00:00','2023-05-22 10:48:34','2023-05-22 10:48:34',64),(1038,'0005','FFF','2022-02-01','09:00:00','06:05:00','2023-05-22 10:48:34','2023-05-22 10:48:34',64),(1039,'0001','AAA','2022-03-01','09:00:00','06:00:00','2023-05-22 10:48:34','2023-05-22 10:48:34',64),(1040,'0002','BBB','2022-03-01','09:04:00','06:00:00','2023-05-22 10:48:34','2023-05-22 10:48:34',64),(1041,'0003','CCC','2022-03-01','09:00:00','07:00:00','2023-05-22 10:48:34','2023-05-22 10:48:34',64),(1042,'0004','DDD','2022-03-01','09:01:00','06:00:00','2023-05-22 10:48:34','2023-05-22 10:48:34',64),(1043,'0005','FFF','2022-03-01','09:00:00','06:05:00','2023-05-22 10:48:34','2023-05-22 10:48:34',64),(1057,'0004','DDD','2022-03-01','09:01:00','06:00:00','2023-05-22 10:51:27','2023-05-22 10:51:27',65),(1058,'0005','FFF','2022-03-01','09:00:00','06:05:00','2023-05-22 10:51:27','2023-05-22 10:51:27',65),(1060,'0001','AAA','2022-01-01','09:00:00','06:00:00','2023-05-22 10:54:35','2023-05-22 10:54:35',66),(1061,'0002','BBB','2022-01-01','09:04:00','06:00:00','2023-05-22 10:54:35','2023-05-22 10:54:35',66),(1062,'0003','CCC','2022-01-01','09:00:00','07:00:00','2023-05-22 10:54:35','2023-05-22 10:54:35',66),(1063,'0004','DDD','2022-01-01','09:01:00','06:00:00','2023-05-22 10:54:35','2023-05-22 10:54:35',66),(1064,'0005','FFF','2022-01-01','09:00:00','06:05:00','2023-05-22 10:54:35','2023-05-22 10:54:35',66),(1065,'0001','AAA','2022-02-01','09:00:00','06:00:00','2023-05-22 10:54:35','2023-05-22 10:54:35',66),(1066,'0002','BBB','2022-02-01','09:04:00','06:00:00','2023-05-22 10:54:35','2023-05-22 10:54:35',66),(1067,'0003','CCC','2022-02-01','09:00:00','07:00:00','2023-05-22 10:54:35','2023-05-22 10:54:35',66),(1068,'0004','DDD','2022-02-01','09:01:00','06:00:00','2023-05-22 10:54:35','2023-05-22 10:54:35',66),(1069,'0005','FFF','2022-02-01','09:00:00','06:05:00','2023-05-22 10:54:35','2023-05-22 10:54:35',66),(1070,'0001','AAA','2022-03-01','09:00:00','06:00:00','2023-05-22 10:54:35','2023-05-22 10:54:35',66),(1071,'0002','BBB','2022-03-01','09:04:00','06:00:00','2023-05-22 10:54:35','2023-05-22 10:54:35',66),(1072,'0003','CCC','2022-03-01','09:00:00','07:00:00','2023-05-22 10:54:35','2023-05-22 10:54:35',66),(1073,'0004','DDD','2022-03-01','09:01:00','06:00:00','2023-05-22 10:54:35','2023-05-22 10:54:35',66),(1074,'0005','FFF','2022-03-01','09:00:00','06:05:00','2023-05-22 10:54:35','2023-05-22 10:54:35',66),(1075,'0001','AAA','2022-01-01','09:00:00','06:00:00','2023-05-22 10:57:49','2023-05-22 10:57:49',67),(1076,'0002','BBB','2022-01-01','09:04:00','06:00:00','2023-05-22 10:57:49','2023-05-22 10:57:49',67),(1077,'0003','CCC','2022-01-01','09:00:00','07:00:00','2023-05-22 10:57:49','2023-05-22 10:57:49',67),(1078,'0004','DDD','2022-01-01','09:01:00','06:00:00','2023-05-22 10:57:49','2023-05-22 10:57:49',67),(1079,'0005','FFF','2022-01-01','09:00:00','06:05:00','2023-05-22 10:57:49','2023-05-22 10:57:49',67),(1080,'0001','AAA','2022-02-01','09:00:00','06:00:00','2023-05-22 10:57:49','2023-05-22 10:57:49',67),(1081,'0002','BBB','2022-02-01','09:04:00','06:00:00','2023-05-22 10:57:49','2023-05-22 10:57:49',67),(1082,'0003','CCC','2022-02-01','09:00:00','07:00:00','2023-05-22 10:57:49','2023-05-22 10:57:49',67),(1083,'0004','DDD','2022-02-01','09:01:00','06:00:00','2023-05-22 10:57:49','2023-05-22 10:57:49',67),(1084,'0005','FFF','2022-02-01','09:00:00','06:05:00','2023-05-22 10:57:49','2023-05-22 10:57:49',67),(1085,'0001','AAA','2022-03-01','09:00:00','06:00:00','2023-05-22 10:57:49','2023-05-22 10:57:49',67),(1086,'0002','BBB','2022-03-01','09:04:00','06:00:00','2023-05-22 10:57:49','2023-05-22 10:57:49',67),(1087,'0003','CCC','2022-03-01','09:00:00','07:00:00','2023-05-22 10:57:49','2023-05-22 10:57:49',67),(1088,'0004','DDD','2022-03-01','09:01:00','06:00:00','2023-05-22 10:57:49','2023-05-22 10:57:49',67),(1089,'0005','FFF','2022-03-01','09:00:00','06:05:00','2023-05-22 10:57:49','2023-05-22 10:57:49',67),(1090,'0001','AAA','2022-01-01','09:00:00','06:00:00','2023-05-22 10:59:07','2023-05-22 10:59:07',68),(1091,'0002','BBB','2022-01-01','09:04:00','06:00:00','2023-05-22 10:59:07','2023-05-22 10:59:07',68),(1092,'0003','CCC','2022-01-01','09:00:00','07:00:00','2023-05-22 10:59:07','2023-05-22 10:59:07',68),(1093,'0004','DDD','2022-01-01','09:01:00','06:00:00','2023-05-22 10:59:07','2023-05-22 10:59:07',68),(1094,'0005','FFF','2022-01-01','09:00:00','06:05:00','2023-05-22 10:59:07','2023-05-22 10:59:07',68),(1095,'0001','AAA','2022-02-01','09:00:00','06:00:00','2023-05-22 10:59:07','2023-05-22 10:59:07',68),(1096,'0002','BBB','2022-02-01','09:04:00','06:00:00','2023-05-22 10:59:07','2023-05-22 10:59:07',68),(1097,'0003','CCC','2022-02-01','09:00:00','07:00:00','2023-05-22 10:59:07','2023-05-22 10:59:07',68),(1098,'0004','DDD','2022-02-01','09:01:00','06:00:00','2023-05-22 10:59:07','2023-05-22 10:59:07',68),(1099,'0005','FFF','2022-02-01','09:00:00','06:05:00','2023-05-22 10:59:07','2023-05-22 10:59:07',68),(1100,'0001','AAA','2022-03-01','09:00:00','06:00:00','2023-05-22 10:59:07','2023-05-22 10:59:07',68),(1101,'0002','BBB','2022-03-01','09:04:00','06:00:00','2023-05-22 10:59:07','2023-05-22 10:59:07',68),(1102,'0003','CCC','2022-03-01','09:00:00','07:00:00','2023-05-22 10:59:07','2023-05-22 10:59:07',68),(1103,'0004','DDD','2022-03-01','09:01:00','06:00:00','2023-05-22 10:59:07','2023-05-22 10:59:07',68),(1104,'0005','FFF','2022-03-01','09:00:00','06:05:00','2023-05-22 10:59:07','2023-05-22 10:59:07',68),(1105,'0001','AAA','2022-01-01','09:00:00','06:00:00','2023-05-22 11:00:22','2023-05-22 11:00:22',69),(1106,'0002','BBB','2022-01-01','09:04:00','06:00:00','2023-05-22 11:00:22','2023-05-22 11:00:22',69),(1107,'0003','CCC','2022-01-01','09:00:00','07:00:00','2023-05-22 11:00:22','2023-05-22 11:00:22',69),(1108,'0004','DDD','2022-01-01','09:01:00','06:00:00','2023-05-22 11:00:22','2023-05-22 11:00:22',69),(1109,'0005','FFF','2022-01-01','09:00:00','06:05:00','2023-05-22 11:00:22','2023-05-22 11:00:22',69),(1110,'0001','AAA','2022-02-01','09:00:00','06:00:00','2023-05-22 11:00:22','2023-05-22 11:00:22',69),(1111,'0002','BBB','2022-02-01','09:04:00','06:00:00','2023-05-22 11:00:22','2023-05-22 11:00:22',69),(1112,'0003','CCC','2022-02-01','09:00:00','07:00:00','2023-05-22 11:00:22','2023-05-22 11:00:22',69),(1113,'0004','DDD','2022-02-01','09:01:00','06:00:00','2023-05-22 11:00:22','2023-05-22 11:00:22',69),(1114,'0005','FFF','2022-02-01','09:00:00','06:05:00','2023-05-22 11:00:22','2023-05-22 11:00:22',69),(1115,'0001','AAA','2022-03-01','09:00:00','06:00:00','2023-05-22 11:00:22','2023-05-22 11:00:22',69),(1116,'0002','BBB','2022-03-01','09:04:00','06:00:00','2023-05-22 11:00:22','2023-05-22 11:00:22',69),(1117,'0003','CCC','2022-03-01','09:00:00','07:00:00','2023-05-22 11:00:22','2023-05-22 11:00:22',69),(1118,'0004','DDD','2022-03-01','09:01:00','06:00:00','2023-05-22 11:00:22','2023-05-22 11:00:22',69),(1119,'0005','FFF','2022-03-01','09:00:00','06:05:00','2023-05-22 11:00:22','2023-05-22 11:00:22',69),(1120,'0001','AAA','2022-01-01','09:00:00','06:00:00','2023-05-22 11:03:59','2023-05-22 11:03:59',70),(1121,'0002','BBB','2022-01-01','09:04:00','06:00:00','2023-05-22 11:03:59','2023-05-22 11:03:59',70),(1122,'0003','CCC','2022-01-01','09:00:00','07:00:00','2023-05-22 11:03:59','2023-05-22 11:03:59',70),(1123,'0004','DDD','2022-01-01','09:01:00','06:00:00','2023-05-22 11:03:59','2023-05-22 11:03:59',70),(1124,'0005','FFF','2022-01-01','09:00:00','06:05:00','2023-05-22 11:03:59','2023-05-22 11:03:59',70),(1125,'0001','AAA','2022-02-01','09:00:00','06:00:00','2023-05-22 11:03:59','2023-05-22 11:03:59',70),(1126,'0002','BBB','2022-02-01','09:04:00','06:00:00','2023-05-22 11:03:59','2023-05-22 11:03:59',70),(1127,'0003','CCC','2022-02-01','09:00:00','07:00:00','2023-05-22 11:03:59','2023-05-22 11:03:59',70),(1128,'0004','DDD','2022-02-01','09:01:00','06:00:00','2023-05-22 11:03:59','2023-05-22 11:03:59',70),(1129,'0005','FFF','2022-02-01','09:00:00','06:05:00','2023-05-22 11:03:59','2023-05-22 11:03:59',70),(1130,'0001','AAA','2022-03-01','09:00:00','06:00:00','2023-05-22 11:03:59','2023-05-22 11:03:59',70),(1131,'0002','BBB','2022-03-01','09:04:00','06:00:00','2023-05-22 11:03:59','2023-05-22 11:03:59',70),(1132,'0003','CCC','2022-03-01','09:00:00','07:00:00','2023-05-22 11:03:59','2023-05-22 11:03:59',70),(1133,'0004','DDD','2022-03-01','09:01:00','06:00:00','2023-05-22 11:03:59','2023-05-22 11:03:59',70),(1134,'0005','FFF','2022-03-01','09:00:00','06:05:00','2023-05-22 11:03:59','2023-05-22 11:03:59',70),(1135,'0001','AAA','2022-01-01','09:00:00','06:00:00','2023-05-22 11:07:03','2023-05-22 11:07:03',71),(1136,'0002','BBB','2022-01-01','09:04:00','06:00:00','2023-05-22 11:07:03','2023-05-22 11:07:03',71),(1137,'0003','CCC','2022-01-01','09:00:00','07:00:00','2023-05-22 11:07:03','2023-05-22 11:07:03',71),(1138,'0004','DDD','2022-01-01','09:01:00','06:00:00','2023-05-22 11:07:03','2023-05-22 11:07:03',71),(1139,'0005','FFF','2022-01-01','09:00:00','06:05:00','2023-05-22 11:07:03','2023-05-22 11:07:03',71),(1140,'0001','AAA','2022-02-01','09:00:00','06:00:00','2023-05-22 11:07:03','2023-05-22 11:07:03',71),(1141,'0002','BBB','2022-02-01','09:04:00','06:00:00','2023-05-22 11:07:03','2023-05-22 11:07:03',71),(1142,'0003','CCC','2022-02-01','09:00:00','07:00:00','2023-05-22 11:07:03','2023-05-22 11:07:03',71),(1143,'0004','DDD','2022-02-01','09:01:00','06:00:00','2023-05-22 11:07:03','2023-05-22 11:07:03',71),(1144,'0005','FFF','2022-02-01','09:00:00','06:05:00','2023-05-22 11:07:03','2023-05-22 11:07:03',71),(1145,'0001','AAA','2022-03-01','09:00:00','06:00:00','2023-05-22 11:07:03','2023-05-22 11:07:03',71),(1146,'0002','BBB','2022-03-01','09:04:00','06:00:00','2023-05-22 11:07:03','2023-05-22 11:07:03',71),(1147,'0003','CCC','2022-03-01','09:00:00','07:00:00','2023-05-22 11:07:03','2023-05-22 11:07:03',71),(1148,'0004','DDD','2022-03-01','09:01:00','06:00:00','2023-05-22 11:07:03','2023-05-22 11:07:03',71),(1149,'0005','FFF','2022-03-01','09:00:00','06:05:00','2023-05-22 11:07:03','2023-05-22 11:07:03',71),(1150,'0001','AAA','2022-01-01','09:00:00','06:00:00','2023-05-22 11:14:45','2023-05-22 11:14:45',72),(1151,'0002','BBB','2022-01-01','09:04:00','06:00:00','2023-05-22 11:14:45','2023-05-22 11:14:45',72),(1152,'0003','CCC','2022-01-01','09:00:00','07:00:00','2023-05-22 11:14:45','2023-05-22 11:14:45',72),(1153,'0004','DDD','2022-01-01','09:01:00','06:00:00','2023-05-22 11:14:45','2023-05-22 11:14:45',72),(1154,'0005','FFF','2022-01-01','09:00:00','06:05:00','2023-05-22 11:14:45','2023-05-22 11:14:45',72),(1155,'0001','AAA','2022-02-01','09:00:00','06:00:00','2023-05-22 11:14:45','2023-05-22 11:14:45',72),(1156,'0002','BBB','2022-02-01','09:04:00','06:00:00','2023-05-22 11:14:45','2023-05-22 11:14:45',72),(1157,'0003','CCC','2022-02-01','09:00:00','07:00:00','2023-05-22 11:14:45','2023-05-22 11:14:45',72),(1158,'0004','DDD','2022-02-01','09:01:00','06:00:00','2023-05-22 11:14:45','2023-05-22 11:14:45',72),(1159,'0005','FFF','2022-02-01','09:00:00','06:05:00','2023-05-22 11:14:45','2023-05-22 11:14:45',72),(1160,'0001','AAA','2022-03-01','09:00:00','06:00:00','2023-05-22 11:14:45','2023-05-22 11:14:45',72),(1161,'0002','BBB','2022-03-01','09:04:00','06:00:00','2023-05-22 11:14:45','2023-05-22 11:14:45',72),(1162,'0003','CCC','2022-03-01','09:00:00','07:00:00','2023-05-22 11:14:45','2023-05-22 11:14:45',72),(1163,'0004','DDD','2022-03-01','09:01:00','06:00:00','2023-05-22 11:14:45','2023-05-22 11:14:45',72),(1164,'0005','FFF','2022-03-01','09:00:00','06:05:00','2023-05-22 11:14:45','2023-05-22 11:14:45',72),(1165,'0001','AAA','2022-01-01','09:00:00','06:00:00','2023-05-22 11:15:22','2023-05-22 11:15:22',73),(1166,'0002','BBB','2022-01-01','09:04:00','06:00:00','2023-05-22 11:15:22','2023-05-22 11:15:22',73),(1167,'0003','CCC','2022-01-01','09:00:00','07:00:00','2023-05-22 11:15:22','2023-05-22 11:15:22',73),(1168,'0004','DDD','2022-01-01','09:01:00','06:00:00','2023-05-22 11:15:22','2023-05-22 11:15:22',73),(1169,'0005','FFF','2022-01-01','09:00:00','06:05:00','2023-05-22 11:15:22','2023-05-22 11:15:22',73),(1170,'0001','AAA','2022-02-01','09:00:00','06:00:00','2023-05-22 11:15:22','2023-05-22 11:15:22',73),(1171,'0002','BBB','2022-02-01','09:04:00','06:00:00','2023-05-22 11:15:22','2023-05-22 11:15:22',73),(1172,'0003','CCC','2022-02-01','09:00:00','07:00:00','2023-05-22 11:15:22','2023-05-22 11:15:22',73),(1173,'0004','DDD','2022-02-01','09:01:00','06:00:00','2023-05-22 11:15:22','2023-05-22 11:15:22',73),(1174,'0005','FFF','2022-02-01','09:00:00','06:05:00','2023-05-22 11:15:22','2023-05-22 11:15:22',73),(1175,'0001','AAA','2022-03-01','09:00:00','06:00:00','2023-05-22 11:15:22','2023-05-22 11:15:22',73),(1176,'0002','BBB','2022-03-01','09:04:00','06:00:00','2023-05-22 11:15:22','2023-05-22 11:15:22',73),(1177,'0003','CCC','2022-03-01','09:00:00','07:00:00','2023-05-22 11:15:22','2023-05-22 11:15:22',73),(1178,'0004','DDD','2022-03-01','09:01:00','06:00:00','2023-05-22 11:15:22','2023-05-22 11:15:22',73),(1179,'0005','FFF','2022-03-01','09:00:00','06:05:00','2023-05-22 11:15:22','2023-05-22 11:15:22',73),(1180,'0001','AAA','2022-01-01','09:00:00','06:00:00','2023-05-22 11:19:48','2023-05-22 11:19:52',74),(1181,'0002','BBB','2022-01-01','09:04:00','06:00:00','2023-05-22 11:19:48','2023-05-22 11:19:48',74),(1182,'0003','CCC','2022-01-01','09:00:00','07:00:00','2023-05-22 11:19:48','2023-05-22 11:19:48',74),(1183,'0004','DDD','2022-01-01','09:01:00','06:00:00','2023-05-22 11:19:49','2023-05-22 11:19:49',74),(1184,'0005','FFF','2022-01-01','09:00:00','06:05:00','2023-05-22 11:19:49','2023-05-22 11:19:49',74),(1185,'0001','AAA','2022-02-01','09:00:00','06:00:00','2023-05-22 11:19:49','2023-05-22 11:19:49',74),(1186,'0002','BBB','2022-02-01','09:04:00','06:00:00','2023-05-22 11:19:49','2023-05-22 11:19:49',74),(1187,'0003','CCC','2022-02-01','09:00:00','07:00:00','2023-05-22 11:19:49','2023-05-22 11:19:49',74),(1188,'0004','DDD','2022-02-01','09:01:00','06:00:00','2023-05-22 11:19:49','2023-05-22 11:19:49',74),(1189,'0005','FFF','2022-02-01','09:00:00','06:05:00','2023-05-22 11:19:49','2023-05-22 11:19:49',74),(1190,'0001','AAA','2022-03-01','09:00:00','06:00:00','2023-05-22 11:19:49','2023-05-22 11:19:49',74),(1191,'0002','BBB','2022-03-01','09:04:00','06:00:00','2023-05-22 11:19:49','2023-05-22 11:19:49',74),(1192,'0003','CCC','2022-03-01','09:00:00','07:00:00','2023-05-22 11:19:49','2023-05-22 11:19:49',74),(1193,'0004','DDD','2022-03-01','09:01:00','06:00:00','2023-05-22 11:19:49','2023-05-22 11:19:49',74),(1194,'0005','FFF','2022-03-01','09:00:00','06:05:00','2023-05-22 11:19:49','2023-05-22 11:19:49',74),(1195,'0000','AAA','2022-01-01','09:00:00','06:00:00','2023-05-22 11:22:56','2023-05-22 11:23:07',75),(1196,'0002','BBB','2022-01-01','09:04:00','06:00:00','2023-05-22 11:22:56','2023-05-22 11:22:56',75),(1197,'0003','CCC','2022-01-01','09:00:00','07:00:00','2023-05-22 11:22:56','2023-05-22 11:22:56',75),(1198,'0004','DDD','2022-01-01','09:01:00','06:00:00','2023-05-22 11:22:56','2023-05-22 11:22:56',75),(1199,'0005','FFF','2022-01-01','09:00:00','06:05:00','2023-05-22 11:22:56','2023-05-22 11:22:56',75),(1200,'0001','AAA','2022-02-01','09:00:00','06:00:00','2023-05-22 11:22:56','2023-05-22 11:22:56',75),(1201,'0002','BBB','2022-02-01','09:04:00','06:00:00','2023-05-22 11:22:56','2023-05-22 11:22:56',75),(1202,'0003','CCC','2022-02-01','09:00:00','07:00:00','2023-05-22 11:22:56','2023-05-22 11:22:56',75),(1203,'0004','DDD','2022-02-01','09:01:00','06:00:00','2023-05-22 11:22:56','2023-05-22 11:22:56',75),(1204,'0005','FFF','2022-02-01','09:00:00','06:05:00','2023-05-22 11:22:56','2023-05-22 11:22:56',75),(1205,'0001','AAA','2022-03-01','09:00:00','06:00:00','2023-05-22 11:22:56','2023-05-22 11:22:56',75),(1206,'0002','BBB','2022-03-01','09:04:00','06:00:00','2023-05-22 11:22:56','2023-05-22 11:22:56',75),(1207,'0003','CCC','2022-03-01','09:00:00','07:00:00','2023-05-22 11:22:56','2023-05-22 11:22:56',75),(1208,'0004','DDD','2022-03-01','09:01:00','06:00:00','2023-05-22 11:22:56','2023-05-22 11:22:56',75),(1209,'0005','FFF','2022-03-01','09:00:00','06:05:00','2023-05-22 11:22:56','2023-05-22 11:22:56',75),(1210,'0001','AAA','2022-01-01','09:00:00','06:00:00','2023-05-22 11:23:50','2023-05-22 11:23:50',76),(1211,'0022','BBB','2022-01-01','09:04:00','06:00:00','2023-05-22 11:23:50','2023-05-22 11:23:58',76),(1212,'0003','CCC','2022-01-01','09:00:00','07:00:00','2023-05-22 11:23:50','2023-05-22 11:23:50',76),(1213,'0004','DDD','2022-01-01','09:01:00','06:00:00','2023-05-22 11:23:50','2023-05-22 11:23:50',76),(1214,'0005','FFF','2022-01-01','09:00:00','06:05:00','2023-05-22 11:23:50','2023-05-22 11:23:50',76),(1215,'0001','AAA','2022-02-01','09:00:00','06:00:00','2023-05-22 11:23:50','2023-05-22 11:23:50',76),(1216,'0002','BBB','2022-02-01','09:04:00','06:00:00','2023-05-22 11:23:50','2023-05-22 11:23:50',76),(1217,'0003','CCC','2022-02-01','09:00:00','07:00:00','2023-05-22 11:23:50','2023-05-22 11:23:50',76),(1218,'0004','DDD','2022-02-01','09:01:00','06:00:00','2023-05-22 11:23:50','2023-05-22 11:23:50',76),(1219,'0005','FFF','2022-02-01','09:00:00','06:05:00','2023-05-22 11:23:50','2023-05-22 11:23:50',76),(1220,'0001','AAA','2022-03-01','09:00:00','06:00:00','2023-05-22 11:23:50','2023-05-22 11:23:50',76),(1221,'0002','BBB','2022-03-01','09:04:00','06:00:00','2023-05-22 11:23:50','2023-05-22 11:23:50',76),(1222,'0003','CCC','2022-03-01','09:00:00','07:00:00','2023-05-22 11:23:50','2023-05-22 11:23:50',76),(1223,'0004','DDD','2022-03-01','09:01:00','06:00:00','2023-05-22 11:23:50','2023-05-22 11:23:50',76),(1224,'0005','FFF','2022-03-01','09:00:00','06:05:00','2023-05-22 11:23:50','2023-05-22 11:23:50',76),(1226,'0002','BBB','2022-01-01','09:04:00','06:00:00','2023-05-22 11:52:42','2023-05-22 11:52:42',77),(1227,'0003','CCC','2022-01-01','09:00:00','07:00:00','2023-05-22 11:52:42','2023-05-22 11:52:42',77),(1228,'0004','DDD','2022-01-01','09:01:00','06:00:00','2023-05-22 11:52:42','2023-05-22 11:52:42',77),(1229,'0005','FFF','2022-01-01','09:00:00','06:05:00','2023-05-22 11:52:42','2023-05-22 11:52:42',77),(1230,'0001','AAA','2022-02-01','09:00:00','06:00:00','2023-05-22 11:52:42','2023-05-22 11:52:42',77),(1231,'0002','BBB','2022-02-01','09:04:00','06:00:00','2023-05-22 11:52:42','2023-05-22 11:52:42',77),(1232,'0003','CCC','2022-02-01','09:00:00','07:00:00','2023-05-22 11:52:42','2023-05-22 11:52:42',77),(1233,'0004','DDD','2022-02-01','09:01:00','06:00:00','2023-05-22 11:52:42','2023-05-22 11:52:42',77),(1234,'0005','FFF','2022-02-01','09:00:00','06:05:00','2023-05-22 11:52:42','2023-05-22 11:52:42',77),(1235,'0001','AAA','2022-03-01','09:00:00','06:00:00','2023-05-22 11:52:42','2023-05-22 11:52:42',77),(1236,'0002','BBB','2022-03-01','09:04:00','06:00:00','2023-05-22 11:52:42','2023-05-22 11:52:42',77),(1237,'0003','CCC','2022-03-01','09:00:00','07:00:00','2023-05-22 11:52:42','2023-05-22 11:52:42',77),(1238,'0004','DDD','2022-03-01','09:01:00','06:00:00','2023-05-22 11:52:42','2023-05-22 11:52:42',77),(1239,'0005','FFF','2022-03-01','09:00:00','06:05:00','2023-05-22 11:52:42','2023-05-22 11:52:42',77),(1242,'0003','CCC','2022-01-01','09:00:00','07:00:00','2023-05-22 12:03:53','2023-05-22 12:03:53',78),(1243,'0004','DDD','2022-01-01','09:01:00','06:00:00','2023-05-22 12:03:53','2023-05-22 12:03:53',78),(1244,'0005','FFF','2022-01-01','09:00:00','06:05:00','2023-05-22 12:03:53','2023-05-22 12:03:53',78),(1245,'0001','AAA','2022-02-01','09:00:00','06:00:00','2023-05-22 12:03:53','2023-05-22 12:03:53',78),(1246,'0002','BBB','2022-02-01','09:04:00','06:00:00','2023-05-22 12:03:53','2023-05-22 12:03:53',78),(1247,'0003','CCC','2022-02-01','09:00:00','07:00:00','2023-05-22 12:03:53','2023-05-22 12:03:53',78),(1248,'0004','DDD','2022-02-01','09:01:00','06:00:00','2023-05-22 12:03:53','2023-05-22 12:03:53',78),(1249,'0005','FFF','2022-02-01','09:00:00','06:05:00','2023-05-22 12:03:53','2023-05-22 12:03:53',78),(1250,'0001','AAA','2022-03-01','09:00:00','06:00:00','2023-05-22 12:03:53','2023-05-22 12:03:53',78),(1251,'0002','BBB','2022-03-01','09:04:00','06:00:00','2023-05-22 12:03:53','2023-05-22 12:03:53',78),(1252,'0003','CCC','2022-03-01','09:00:00','07:00:00','2023-05-22 12:03:53','2023-05-22 12:03:53',78),(1253,'0004','DDD','2022-03-01','09:01:00','06:00:00','2023-05-22 12:03:53','2023-05-22 12:03:53',78),(1254,'0005','FFF','2022-03-01','09:00:00','06:05:00','2023-05-22 12:03:53','2023-05-22 12:03:53',78),(1259,'0004','DDD','2022-01-01','09:01:00','06:00:00','2023-05-22 12:10:18','2023-05-22 12:10:18',79),(1260,'0005','FFF','2022-01-01','09:00:00','06:05:00','2023-05-22 12:10:18','2023-05-22 12:10:18',79),(1261,'0001','AAA','2022-02-01','09:00:00','06:00:00','2023-05-22 12:10:18','2023-05-22 12:10:18',79),(1262,'0002','BBB','2022-02-01','09:04:00','06:00:00','2023-05-22 12:10:18','2023-05-22 12:10:18',79),(1263,'0003','CCC','2022-02-01','09:00:00','07:00:00','2023-05-22 12:10:18','2023-05-22 12:10:18',79),(1264,'0004','DDD','2022-02-01','09:01:00','06:00:00','2023-05-22 12:10:18','2023-05-22 12:10:18',79),(1265,'0005','FFF','2022-02-01','09:00:00','06:05:00','2023-05-22 12:10:18','2023-05-22 12:10:18',79),(1266,'0001','AAA','2022-03-01','09:00:00','06:00:00','2023-05-22 12:10:18','2023-05-22 12:10:18',79),(1267,'0002','BBB','2022-03-01','09:04:00','06:00:00','2023-05-22 12:10:18','2023-05-22 12:10:18',79),(1268,'0003','CCC','2022-03-01','09:00:00','07:00:00','2023-05-22 12:10:18','2023-05-22 12:10:18',79),(1269,'0004','DDD','2022-03-01','09:01:00','06:00:00','2023-05-22 12:10:18','2023-05-22 12:10:18',79),(1270,'0005','FFF','2022-03-01','09:00:00','06:05:00','2023-05-22 12:10:18','2023-05-22 12:10:18',79),(1273,'0003','CCC','2022-01-01','09:00:00','07:00:00','2023-05-22 12:12:03','2023-05-22 12:12:03',80),(1274,'0004','DDD','2022-01-01','09:01:00','06:00:00','2023-05-22 12:12:03','2023-05-22 12:12:03',80),(1275,'0005','FFF','2022-01-01','09:00:00','06:05:00','2023-05-22 12:12:03','2023-05-22 12:12:03',80),(1276,'0001','AAA','2022-02-01','09:00:00','06:00:00','2023-05-22 12:12:03','2023-05-22 12:12:03',80),(1277,'0002','BBB','2022-02-01','09:04:00','06:00:00','2023-05-22 12:12:03','2023-05-22 12:12:03',80),(1278,'0003','CCC','2022-02-01','09:00:00','07:00:00','2023-05-22 12:12:03','2023-05-22 12:12:03',80),(1279,'0004','DDD','2022-02-01','09:01:00','06:00:00','2023-05-22 12:12:03','2023-05-22 12:12:03',80),(1280,'0005','FFF','2022-02-01','09:00:00','06:05:00','2023-05-22 12:12:03','2023-05-22 12:12:03',80),(1281,'0001','AAA','2022-03-01','09:00:00','06:00:00','2023-05-22 12:12:03','2023-05-22 12:12:03',80),(1282,'0002','BBB','2022-03-01','09:04:00','06:00:00','2023-05-22 12:12:03','2023-05-22 12:12:03',80),(1283,'0003','CCC','2022-03-01','09:00:00','07:00:00','2023-05-22 12:12:03','2023-05-22 12:12:03',80),(1284,'0004','DDD','2022-03-01','09:01:00','06:00:00','2023-05-22 12:12:03','2023-05-22 12:12:03',80),(1285,'0005','FFF','2022-03-01','09:00:00','06:05:00','2023-05-22 12:12:03','2023-05-22 12:12:03',80),(1287,'0002','BBB','2022-01-01','09:04:00','06:00:00','2023-05-22 12:13:33','2023-05-22 12:13:33',81),(1288,'0003','CCC','2022-01-01','09:00:00','07:00:00','2023-05-22 12:13:33','2023-05-22 12:13:33',81),(1289,'0004','DDD','2022-01-01','09:01:00','06:00:00','2023-05-22 12:13:33','2023-05-22 12:13:33',81),(1290,'0005','FFF','2022-01-01','09:00:00','06:05:00','2023-05-22 12:13:33','2023-05-22 12:13:33',81),(1291,'0001','AAA','2022-02-01','09:00:00','06:00:00','2023-05-22 12:13:33','2023-05-22 12:13:33',81),(1292,'0002','BBB','2022-02-01','09:04:00','06:00:00','2023-05-22 12:13:33','2023-05-22 12:13:33',81),(1293,'0003','CCC','2022-02-01','09:00:00','07:00:00','2023-05-22 12:13:33','2023-05-22 12:13:33',81),(1294,'0004','DDD','2022-02-01','09:01:00','06:00:00','2023-05-22 12:13:33','2023-05-22 12:13:33',81),(1295,'0005','FFF','2022-02-01','09:00:00','06:05:00','2023-05-22 12:13:33','2023-05-22 12:13:33',81),(1296,'0001','AAA','2022-03-01','09:00:00','06:00:00','2023-05-22 12:13:33','2023-05-22 12:13:33',81),(1297,'0002','BBB','2022-03-01','09:04:00','06:00:00','2023-05-22 12:13:33','2023-05-22 12:13:33',81),(1298,'0003','CCC','2022-03-01','09:00:00','07:00:00','2023-05-22 12:13:33','2023-05-22 12:13:33',81),(1299,'0004','DDD','2022-03-01','09:01:00','06:00:00','2023-05-22 12:13:33','2023-05-22 12:13:33',81),(1300,'0005','FFF','2022-03-01','09:00:00','06:05:00','2023-05-22 12:13:33','2023-05-22 12:13:33',81),(1301,'0001','AAA','2022-01-01','09:00:00','06:00:00','2023-05-22 12:14:29','2023-05-22 12:14:29',82),(1302,'0002','BBB','2022-01-01','09:04:00','06:00:00','2023-05-22 12:14:29','2023-05-22 12:14:29',82),(1303,'0003','CCC','2022-01-01','09:00:00','07:00:00','2023-05-22 12:14:29','2023-05-22 12:14:29',82),(1304,'0004','DDD','2022-01-01','09:01:00','06:00:00','2023-05-22 12:14:29','2023-05-22 12:14:29',82),(1305,'0005','FFF','2022-01-01','09:00:00','06:05:00','2023-05-22 12:14:29','2023-05-22 12:14:29',82),(1306,'0001','AAA','2022-02-01','09:00:00','06:00:00','2023-05-22 12:14:29','2023-05-22 12:14:29',82),(1307,'0002','BBB','2022-02-01','09:04:00','06:00:00','2023-05-22 12:14:29','2023-05-22 12:14:29',82),(1308,'0003','CCC','2022-02-01','09:00:00','07:00:00','2023-05-22 12:14:29','2023-05-22 12:14:29',82),(1309,'0004','DDD','2022-02-01','09:01:00','06:00:00','2023-05-22 12:14:29','2023-05-22 12:14:29',82),(1310,'0005','FFF','2022-02-01','09:00:00','06:05:00','2023-05-22 12:14:29','2023-05-22 12:14:29',82),(1311,'0001','AAA','2022-03-01','09:00:00','06:00:00','2023-05-22 12:14:29','2023-05-22 12:14:29',82),(1312,'0002','BBB','2022-03-01','09:04:00','06:00:00','2023-05-22 12:14:29','2023-05-22 12:14:29',82),(1313,'0003','CCC','2022-03-01','09:00:00','07:00:00','2023-05-22 12:14:29','2023-05-22 12:14:29',82),(1314,'0004','DDD','2022-03-01','09:01:00','06:00:00','2023-05-22 12:14:29','2023-05-22 12:14:29',82),(1315,'0005','FFF','2022-03-01','09:00:00','06:05:00','2023-05-22 12:14:29','2023-05-22 12:14:29',82);
/*!40000 ALTER TABLE `exceldata` ENABLE KEYS */;
UNLOCK TABLES;

--
-- Table structure for table `user_files`
--

DROP TABLE IF EXISTS `user_files`;
/*!40101 SET @saved_cs_client     = @@character_set_client */;
/*!50503 SET character_set_client = utf8mb4 */;
CREATE TABLE `user_files` (
  `iduser_files` int NOT NULL AUTO_INCREMENT,
  `idfile` int NOT NULL,
  `username` varchar(12) NOT NULL,
  `createdAt` timestamp NULL DEFAULT NULL,
  `updatedAt` timestamp NULL DEFAULT NULL,
  PRIMARY KEY (`iduser_files`),
  UNIQUE KEY `iduser_files_UNIQUE` (`iduser_files`),
  KEY `username_fk_idx` (`username`),
  KEY `file_fk_idx` (`idfile`),
  CONSTRAINT `file_fk` FOREIGN KEY (`idfile`) REFERENCES `exceldata` (`idfile`) ON DELETE CASCADE ON UPDATE CASCADE,
  CONSTRAINT `username_fk` FOREIGN KEY (`username`) REFERENCES `users` (`username`) ON DELETE CASCADE ON UPDATE CASCADE
) ENGINE=InnoDB AUTO_INCREMENT=88 DEFAULT CHARSET=utf8mb4 COLLATE=utf8mb4_0900_ai_ci;
/*!40101 SET character_set_client = @saved_cs_client */;

--
-- Dumping data for table `user_files`
--

LOCK TABLES `user_files` WRITE;
/*!40000 ALTER TABLE `user_files` DISABLE KEYS */;
INSERT INTO `user_files` VALUES (7,1,'David','2023-05-21 09:13:34','2023-05-21 09:13:34'),(8,2,'David','2023-05-21 09:13:52','2023-05-21 09:13:52'),(10,4,'Ximena','2023-05-22 03:15:12','2023-05-22 03:15:12'),(11,5,'Ximena','2023-05-22 03:51:31','2023-05-22 03:51:31'),(12,7,'Ximena','2023-05-22 04:00:06','2023-05-22 04:00:06'),(13,8,'Ximena','2023-05-22 04:02:38','2023-05-22 04:02:38'),(14,9,'Ximena','2023-05-22 04:24:16','2023-05-22 04:24:16'),(15,10,'Ximena','2023-05-22 06:35:57','2023-05-22 06:35:57'),(16,11,'Ximena','2023-05-22 06:40:46','2023-05-22 06:40:46'),(17,12,'Ximena','2023-05-22 06:54:15','2023-05-22 06:54:15'),(18,13,'Ximena','2023-05-22 06:56:18','2023-05-22 06:56:18'),(19,14,'Ximena','2023-05-22 06:59:14','2023-05-22 06:59:14'),(20,15,'Ximena','2023-05-22 07:05:52','2023-05-22 07:05:52'),(21,16,'Ximena','2023-05-22 07:06:57','2023-05-22 07:06:57'),(22,17,'Ximena','2023-05-22 07:15:52','2023-05-22 07:15:52'),(23,18,'ximena','2023-05-22 07:19:00','2023-05-22 07:19:00'),(24,19,'Ximena','2023-05-22 07:40:06','2023-05-22 07:40:06'),(25,20,'Ximena','2023-05-22 07:44:30','2023-05-22 07:44:30'),(26,21,'Ximena','2023-05-22 07:46:05','2023-05-22 07:46:05'),(27,22,'Ximena','2023-05-22 07:48:35','2023-05-22 07:48:35'),(28,23,'Ximena','2023-05-22 07:51:58','2023-05-22 07:51:58'),(29,24,'Ximena','2023-05-22 07:52:58','2023-05-22 07:52:58'),(30,25,'Ximena','2023-05-22 07:54:49','2023-05-22 07:54:49'),(31,26,'Ximena','2023-05-22 07:56:19','2023-05-22 07:56:19'),(33,28,'Ximena','2023-05-22 08:00:03','2023-05-22 08:00:03'),(34,29,'David','2023-05-22 08:03:37','2023-05-22 08:03:37'),(35,30,'Ximena','2023-05-22 08:04:32','2023-05-22 08:04:32'),(36,31,'Ximena','2023-05-22 08:06:43','2023-05-22 08:06:43'),(37,32,'Ximena','2023-05-22 08:08:56','2023-05-22 08:08:56'),(38,33,'Ximena','2023-05-22 08:12:35','2023-05-22 08:12:35'),(40,35,'Ximena','2023-05-22 08:27:57','2023-05-22 08:27:57'),(41,36,'Ximena','2023-05-22 08:31:46','2023-05-22 08:31:46'),(42,37,'Ximena','2023-05-22 08:35:36','2023-05-22 08:35:36'),(43,38,'Ximena','2023-05-22 08:38:40','2023-05-22 08:38:40'),(44,39,'Ximena','2023-05-22 08:44:39','2023-05-22 08:44:39'),(45,40,'Ximena','2023-05-22 08:46:11','2023-05-22 08:46:11'),(46,41,'Ximena','2023-05-22 08:49:53','2023-05-22 08:49:53'),(47,42,'Ximena','2023-05-22 09:03:24','2023-05-22 09:03:24'),(48,43,'Ximena','2023-05-22 09:22:43','2023-05-22 09:22:43'),(49,44,'Ximena','2023-05-22 09:24:03','2023-05-22 09:24:03'),(50,45,'Ximena','2023-05-22 09:25:17','2023-05-22 09:25:17'),(51,46,'Ximena','2023-05-22 09:26:24','2023-05-22 09:26:24'),(52,47,'Ximena','2023-05-22 09:27:43','2023-05-22 09:27:43'),(53,48,'Ximena','2023-05-22 09:46:16','2023-05-22 09:46:16'),(54,49,'Ximena','2023-05-22 09:48:59','2023-05-22 09:48:59'),(55,50,'Ximena','2023-05-22 09:50:22','2023-05-22 09:50:22'),(56,51,'Ximena','2023-05-22 09:53:45','2023-05-22 09:53:45'),(57,52,'Ximena','2023-05-22 09:54:28','2023-05-22 09:54:28'),(58,53,'ximena','2023-05-22 09:56:36','2023-05-22 09:56:36'),(59,54,'Ximena','2023-05-22 09:57:27','2023-05-22 09:57:27'),(60,55,'Ximena','2023-05-22 09:59:34','2023-05-22 09:59:34'),(61,56,'Ximena','2023-05-22 10:05:24','2023-05-22 10:05:24'),(62,57,'Ximena','2023-05-22 10:08:14','2023-05-22 10:08:14'),(63,58,'Ximena','2023-05-22 10:08:45','2023-05-22 10:08:45'),(64,59,'Ximena','2023-05-22 10:10:41','2023-05-22 10:10:41'),(65,60,'Ximena','2023-05-22 10:12:37','2023-05-22 10:12:37'),(67,62,'Ximena','2023-05-22 10:44:27','2023-05-22 10:44:27'),(68,63,'Ximena','2023-05-22 10:45:19','2023-05-22 10:45:19'),(69,64,'Ximena','2023-05-22 10:48:34','2023-05-22 10:48:34'),(71,66,'Ximena','2023-05-22 10:54:35','2023-05-22 10:54:35'),(72,67,'Ximena','2023-05-22 10:57:49','2023-05-22 10:57:49'),(73,68,'Ximena','2023-05-22 10:59:07','2023-05-22 10:59:07'),(74,69,'Ximena','2023-05-22 11:00:22','2023-05-22 11:00:22'),(75,70,'Ximena','2023-05-22 11:03:59','2023-05-22 11:03:59'),(76,71,'Ximena','2023-05-22 11:07:03','2023-05-22 11:07:03'),(77,72,'Ximena','2023-05-22 11:14:45','2023-05-22 11:14:45'),(78,73,'Ximena','2023-05-22 11:15:22','2023-05-22 11:15:22'),(79,74,'Ximena','2023-05-22 11:19:49','2023-05-22 11:19:49'),(80,75,'Ximena','2023-05-22 11:22:56','2023-05-22 11:22:56'),(81,76,'Ximena','2023-05-22 11:23:50','2023-05-22 11:23:50'),(87,82,'Kevin2','2023-05-22 12:14:29','2023-05-22 12:14:29');
/*!40000 ALTER TABLE `user_files` ENABLE KEYS */;
UNLOCK TABLES;

--
-- Table structure for table `users`
--

DROP TABLE IF EXISTS `users`;
/*!40101 SET @saved_cs_client     = @@character_set_client */;
/*!50503 SET character_set_client = utf8mb4 */;
CREATE TABLE `users` (
  `username` varchar(12) NOT NULL,
  `password` varchar(100) NOT NULL,
  `updatedAt` timestamp NULL DEFAULT NULL,
  `createdAt` timestamp NULL DEFAULT NULL,
  PRIMARY KEY (`username`),
  UNIQUE KEY `username_UNIQUE` (`username`)
) ENGINE=InnoDB DEFAULT CHARSET=utf8mb4 COLLATE=utf8mb4_0900_ai_ci;
/*!40101 SET character_set_client = @saved_cs_client */;

--
-- Dumping data for table `users`
--

LOCK TABLES `users` WRITE;
/*!40000 ALTER TABLE `users` DISABLE KEYS */;
INSERT INTO `users` VALUES ('Armando','ornitorinco','2023-05-22 11:37:58','2023-05-22 11:37:58'),('david','123qwe',NULL,NULL),('Kevin','9eb6835cc95b053818b660bd9fc9f092a0b30cef89c1f0f17f469d5caa0ae617','2023-05-22 11:51:15','2023-05-22 11:51:15'),('Kevin2','59195c6c541c8307f1da2d1e768d6f2280c984df217ad5f4c64c3542b04111a4','2023-05-22 11:52:23','2023-05-22 11:52:23'),('Ximena','Emma','2023-05-21 08:04:11','2023-05-21 08:04:11');
/*!40000 ALTER TABLE `users` ENABLE KEYS */;
UNLOCK TABLES;

--
-- Dumping events for database 'keyence'
--

--
-- Dumping routines for database 'keyence'
--
/*!40103 SET TIME_ZONE=@OLD_TIME_ZONE */;

/*!40101 SET SQL_MODE=@OLD_SQL_MODE */;
/*!40014 SET FOREIGN_KEY_CHECKS=@OLD_FOREIGN_KEY_CHECKS */;
/*!40014 SET UNIQUE_CHECKS=@OLD_UNIQUE_CHECKS */;
/*!40101 SET CHARACTER_SET_CLIENT=@OLD_CHARACTER_SET_CLIENT */;
/*!40101 SET CHARACTER_SET_RESULTS=@OLD_CHARACTER_SET_RESULTS */;
/*!40101 SET COLLATION_CONNECTION=@OLD_COLLATION_CONNECTION */;
/*!40111 SET SQL_NOTES=@OLD_SQL_NOTES */;

-- Dump completed on 2023-05-22  6:48:41
